num,分野,問題名,出典,難易度,趣旨,タイトル案,pdf_pages,thumb,ステータス,更新日時,intro
1,力学,斜方投射と相対運動,24 防衛医大,A,気球から投げた小球を相対運動でとらえる,気球から投げた小球を相対運動でとらえる｜物理重要問題集 力学 問1【高校物理】,1,rikigaku_問001.png,完成,2026-07-26 09:04,完成
2,力学,速度の合成,21 東京都立大,A,流れる川を渡る船の速度合成と往復時間,流れる川を渡る船の速度合成と往復時間｜物理重要問題集 力学 問2【高校物理】,2,rikigaku_問002.png,完成,2026-07-26 09:04,完成
3,力学,斜面をすべり上がる物体の速度測定,17 広島工大 改,A,v-tグラフから加速度と移動距離を読み取る,v-tグラフから加速度と移動距離を読み取る｜物理重要問題集 力学 問3【高校物理】,3,rikigaku_問003.png,完成,2026-07-26 09:04,完成
4,力学,水平投射,22 北海道大,A,台の斜面から水平投射した小球の飛距離,台の斜面から水平投射した小球の飛距離｜物理重要問題集 力学 問4【高校物理】,4,rikigaku_問004.png,完成,2026-07-26 09:04,完成
5,力学,斜方投射と自由落下,25 福島大,A,斜方投射と自由落下が衝突する条件を求める,斜方投射と自由落下が衝突する条件を求める｜物理重要問題集 力学 問5【高校物理】,5,rikigaku_問005.png,完成,2026-07-26 09:04,完成
6,力学,斜面への斜方投射,18 横浜市大 改,A,斜面上の的に斜方投射で命中させる条件,斜面上の的に斜方投射で命中させる条件｜物理重要問題集 力学 問6【高校物理】,6,rikigaku_問006.png,完成,2026-07-26 09:04,完成
7,力学,斜面をのぼる小球の運動,上智大,A,斜面をのぼりきる小球の運動を座標変換で追う,斜面をのぼりきる小球の運動を座標変換で追う｜物理重要問題集 力学 問7【高校物理】,7-8,rikigaku_問007.png,完成,2026-07-26 09:04,完成
8,力学,人と体重計を乗せたゴンドラのつりあい,17 藤田保健衛生大,A,ゴンドラ内の人と体重計にはたらく力のつりあい,ゴンドラ内の人と体重計にはたらく力のつりあい｜物理重要問題集 力学 問8【高校物理】,9,rikigaku_問008.png,完成,2026-07-26 09:04,完成
9,力学,フックの法則とつりあい,湘南工科大,A,2本のばねにはさまれた物体のつりあい,2本のばねにはさまれた物体のつりあい｜物理重要問題集 力学 問9【高校物理】,10,rikigaku_問009.png,完成,2026-07-26 09:04,完成
10,力学,斜面に置かれたロープのつりあい,鳥取大,A,あらい斜面上のロープのつりあいを調べる,あらい斜面上のロープのつりあいを調べる｜物理重要問題集 力学 問10【高校物理】,11,rikigaku_問010.png,完成,2026-07-26 09:04,完成
11,力学,斜面をもつ台にはたらく力のつりあい,山形大 改,A,斜面をもつ台と物体にはたらく力のつりあい,斜面をもつ台と物体にはたらく力のつりあい｜物理重要問題集 力学 問11【高校物理】,12,rikigaku_問011.png,完成,2026-07-26 09:04,完成
12,力学,支柱で支えた棒のつりあい,20 名城大,A,くさび形の支柱で支えた棒のつりあい,くさび形の支柱で支えた棒のつりあい｜物理重要問題集 力学 問12【高校物理】,13,rikigaku_問012.png,完成,2026-07-26 09:04,完成
13,力学,糸でつるされた棒のつりあい,24 山形大,A,糸でつるされた棒にはたらく力のつりあい,糸でつるされた棒にはたらく力のつりあい｜物理重要問題集 力学 問13【高校物理】,14,rikigaku_問013.png,完成,2026-07-26 09:04,完成
14,力学,壁に立てかけた棒のつりあい,20 千葉大,A,壁に立てかけた棒のつりあいを調べる,壁に立てかけた棒のつりあいを調べる｜物理重要問題集 力学 問14【高校物理】,15,rikigaku_問014.png,完成,2026-07-26 09:04,完成
15,力学,半円形の剛体のつりあい,18 立命館大,A,半円形の剛体にはたらく力のつりあい,半円形の剛体にはたらく力のつりあい｜物理重要問題集 力学 問15【高校物理】,16,rikigaku_問015.png,完成,2026-07-26 09:04,完成
16,力学,斜面に置かれた直方体のつりあい,17 東海大,A,斜面上の直方体が倒れない条件を調べる,斜面上の直方体が倒れない条件を調べる｜物理重要問題集 力学 問16【高校物理】,17,rikigaku_問016.png,完成,2026-07-26 09:04,完成
17,力学,液体に浮く棒のつりあい,参考,A,液体に浮かぶ棒のつりあいと浮力を調べる,液体に浮かぶ棒のつりあいと浮力を調べる｜物理重要問題集 力学 問17【高校物理】,18,rikigaku_問017.png,完成,2026-07-26 09:04,完成
18,力学,糸で連結された物体の運動,24 島根大 改,A,斜面上で糸連結された物体の運動,斜面上で糸連結された物体の運動｜物理重要問題集 力学 問18【高校物理】,19,rikigaku_問018.png,完成,2026-07-26 09:04,完成
19,力学,上昇する箱の中の小球の運動,18 愛知工大,A,つり上げられる箱の中の小球の相対運動,つり上げられる箱の中の小球の相対運動｜物理重要問題集 力学 問19【高校物理】,20,rikigaku_問019.png,完成,2026-07-26 09:04,完成
20,力学,気球と気球につるされた小球の運動,22 佐賀大,A,上昇する気球とつるされた小球の運動,上昇する気球とつるされた小球の運動｜物理重要問題集 力学 問20【高校物理】,21,rikigaku_問020.png,完成,2026-07-26 09:04,完成
21,力学,運動の法則と等加速度運動,福岡大,A,手で押す物体の運動方程式と等加速度運動,手で押す物体の運動方程式と等加速度運動｜物理重要問題集 力学 問21【高校物理】,22,rikigaku_問021.png,完成,2026-07-26 09:04,完成
22,力学,滑車と物体の運動,19 九州工大,A,複数の滑車と物体のつりあいと運動,複数の滑車と物体のつりあいと運動｜物理重要問題集 力学 問22【高校物理】,23,rikigaku_問022.png,完成,2026-07-26 09:04,完成
23,力学,力学的エネルギー,拓殖大 改,A,斜面上の運動を力学的エネルギーで追う,斜面上の運動を力学的エネルギーで追う｜物理重要問題集 力学 問23【高校物理】,24,rikigaku_問023.png,完成,2026-07-26 09:04,完成
24,力学,動く斜面上の糸でつるした小球,静岡大,A,動く斜面上で糸につるされた小球の運動,動く斜面上で糸につるされた小球の運動｜物理重要問題集 力学 問24【高校物理】,25,rikigaku_問024.png,完成,2026-07-26 09:04,完成
25,力学,斜面上の物体の運動,名城大 改,A,斜面をもつ台上での物体の運動,斜面をもつ台上での物体の運動｜物理重要問題集 力学 問25【高校物理】,26,rikigaku_問025.png,完成,2026-07-26 09:04,完成
26,力学,斜面をもつ台と小球の運動,23 北海道大,A,斜面をもつ台と小球が一体で動く条件,斜面をもつ台と小球が一体で動く条件｜物理重要問題集 力学 問26【高校物理】,27-28,rikigaku_問026.png,完成,2026-07-26 09:04,完成
27,力学,斜面上の物体の運動と水平面上の台の運動,15 関西学院大,B,斜面上の物体と動く台の運動を滑車でつなぐ,斜面上の物体と動く台の運動を滑車でつなぐ｜物理重要問題集 力学 問27【高校物理】,29-30,rikigaku_問027.png,完成,2026-07-26 09:04,完成
28,力学,2物体のあらい面上での運動,愛知工大,A,2物体があらい面を滑って止まる運動を比べる,2物体があらい面を滑って止まる運動を比べる｜物理重要問題集 力学 問28【高校物理】,31,rikigaku_問028.png,完成,2026-07-26 09:04,完成
29,力学,あらい水平面上の物体の運動,24 佐賀大,A,あらい台上の物体と滑車でつながれた運動,あらい台上の物体と滑車でつながれた運動｜物理重要問題集 力学 問29【高校物理】,32,rikigaku_問029.png,完成,2026-07-26 09:04,完成
30,力学,斜面台上の小物体の運動,23 広島大,A,斜面台上を滑る小物体の運動を調べる,斜面台上を滑る小物体の運動を調べる｜物理重要問題集 力学 問30【高校物理】,33,rikigaku_問030.png,完成,2026-07-26 09:04,完成
31,力学,弾性力と摩擦力による運動,岡山大,A,ばねで押し出された物体の摩擦運動,ばねで押し出された物体の摩擦運動｜物理重要問題集 力学 問31【高校物理】,34,rikigaku_問031.png,完成,2026-07-26 09:04,完成
32,力学,ゴムひもに取りつけられた物体の運動,学習院大,A,ゴムひもにつながれた物体の運動,ゴムひもにつながれた物体の運動｜物理重要問題集 力学 問32【高校物理】,35,rikigaku_問032.png,完成,2026-07-26 09:04,完成
33,力学,空気の抵抗がある物体の運動,岐阜大 改,A,空気抵抗を受ける物体の斜面上の運動,空気抵抗を受ける物体の斜面上の運動｜物理重要問題集 力学 問33【高校物理】,36,rikigaku_問033.png,完成,2026-07-26 09:04,完成
34,力学,液体の抵抗を受ける物体,24 名古屋大,A,液体中を落下する物体が水槽に及ぼす力,液体中を落下する物体が水槽に及ぼす力｜物理重要問題集 力学 問34【高校物理】,37-38,rikigaku_問034.png,完成,2026-07-26 09:04,完成
35,力学,ばねにつながれた物体の運動と運動エネルギー,東京工大,B,ばねにつながれた物体の運動とエネルギー,ばねにつながれた物体の運動とエネルギー｜物理重要問題集 力学 問35【高校物理】,39-40,rikigaku_問035.png,完成,2026-07-26 09:04,完成
36,力学,木材に打ちこまれた弾丸,18 大阪医大,A,木材に撃ちこまれる弾丸の運動量とエネルギー,木材に撃ちこまれる弾丸の運動量とエネルギー｜物理重要問題集 力学 問36【高校物理】,41,rikigaku_問036.png,完成,2026-07-26 09:04,完成
37,力学,動く台車に乗る物体,20 大分大 改,A,動く台車の上に乗る物体の運動量保存,動く台車の上に乗る物体の運動量保存｜物理重要問題集 力学 問37【高校物理】,42,rikigaku_問037.png,完成,2026-07-26 09:04,完成
38,力学,水平面上での2物体の衝突,15 名古屋工大,A,水平面上で衝突する2物体のエネルギー変化,水平面上で衝突する2物体のエネルギー変化｜物理重要問題集 力学 問38【高校物理】,43,rikigaku_問038.png,完成,2026-07-26 09:04,完成
39,力学,小球と壁面との衝突,24 長崎大,A,小球が壁と繰り返し衝突する運動を反発係数で追う,小球が壁と繰り返し衝突する運動を反発係数で追う｜物理重要問題集 力学 問39【高校物理】,44,rikigaku_問039.png,完成,2026-07-26 09:04,完成
40,力学,小球と斜面とのくり返し衝突,25 熊本大,A,小球が斜面と繰り返し衝突する運動,小球が斜面と繰り返し衝突する運動｜物理重要問題集 力学 問40【高校物理】,45,rikigaku_問040.png,完成,2026-07-26 09:04,完成
41,力学,曲面をもつ台上の小球の運動,23 京都府大,A,曲面をもつ台上での小球の運動量保存,曲面をもつ台上での小球の運動量保存｜物理重要問題集 力学 問41【高校物理】,46,rikigaku_問041.png,完成,2026-07-26 09:04,完成
42,力学,上昇する板へのくり返し衝突,23 大阪公大,A,上昇する板に繰り返し衝突する小球の運動,上昇する板に繰り返し衝突する小球の運動｜物理重要問題集 力学 問42【高校物理】,47,rikigaku_問042.png,完成,2026-07-26 09:04,完成
43,力学,円盤と円環の多数回の衝突,22 浜松医大 改,A,円盤が円環に繰り返し衝突する運動,円盤が円環に繰り返し衝突する運動｜物理重要問題集 力学 問43【高校物理】,48-49,rikigaku_問043.png,完成,2026-07-26 09:04,完成
44,力学,棒でつながれた2物体の運動,東京大,B,棒でつながれた2物体の運動量保存,棒でつながれた2物体の運動量保存｜物理重要問題集 力学 問44【高校物理】,50,rikigaku_問044.png,完成,2026-07-26 09:04,完成
45,力学,摩擦のある回転台上の物体,福島県医大,A,回転台上で物体がすべり出す条件,回転台上で物体がすべり出す条件｜物理重要問題集 力学 問45【高校物理】,51,rikigaku_問045.png,完成,2026-07-26 09:04,完成
46,力学,摩擦を受ける小球の円運動,24 京都産業大,A,摩擦を受けながら回転する小球の円運動,摩擦を受けながら回転する小球の円運動｜物理重要問題集 力学 問46【高校物理】,52-53,rikigaku_問046.png,完成,2026-07-26 09:04,完成
47,力学,円筒表面をすべり落ちる小物体の運動,15 東京電機大 改,A,円筒面をすべり落ちる小物体の運動,円筒面をすべり落ちる小物体の運動｜物理重要問題集 力学 問47【高校物理】,54,rikigaku_問047.png,完成,2026-07-26 09:04,完成
48,力学,鉛直面内の円運動,20 信州大 改,A,鉛直面内で円運動する条件を求める,鉛直面内で円運動する条件を求める｜物理重要問題集 力学 問48【高校物理】,55,rikigaku_問048.png,完成,2026-07-26 09:04,完成
49,力学,振り子の運動,24 富山県大,A,振り子運動における糸の張力と速さ,振り子運動における糸の張力と速さ｜物理重要問題集 力学 問49【高校物理】,56,rikigaku_問049.png,完成,2026-07-26 09:04,完成
50,力学,半円形状の面にそった円運動,25 岡山大,A,半円形の面に沿う小球の円運動,半円形の面に沿う小球の円運動｜物理重要問題集 力学 問50【高校物理】,57,rikigaku_問050.png,完成,2026-07-26 09:04,完成
51,力学,ケプラーの法則,大阪市大 改,A,人工衛星の円軌道とだ円軌道をケプラーの法則で追う,人工衛星の円軌道とだ円軌道をケプラーの法則で追う｜物理重要問題集 力学 問51【高校物理】,58-59,rikigaku_問051.png,完成,2026-07-26 09:04,完成
52,力学,万有引力,関西学院大,A,地球と月の万有引力による運動とエネルギー,地球と月の万有引力による運動とエネルギー｜物理重要問題集 力学 問52【高校物理】,60-61,rikigaku_問052.png,完成,2026-07-26 09:04,完成
53,力学,半球内での物体の円運動,東北大,B,半球内面に沿う物体の円運動,半球内面に沿う物体の円運動｜物理重要問題集 力学 問53【高校物理】,62-63,rikigaku_問053.png,完成,2026-07-26 09:04,完成
54,力学,水平ばね振り子,24 広島工大,A,水平ばね振り子の単振動を調べる,水平ばね振り子の単振動を調べる｜物理重要問題集 力学 問54【高校物理】,64,rikigaku_問054.png,完成,2026-07-26 09:04,完成
55,力学,2本のばねによる単振動,香川大 改,A,2本のばねにつながれた物体の単振動,2本のばねにつながれた物体の単振動｜物理重要問題集 力学 問55【高校物理】,65,rikigaku_問055.png,完成,2026-07-26 09:04,完成
56,力学,あらい面上で振動する物体の運動,23 横浜市大 改,A,あらい面上でのばね振り子の減衰運動,あらい面上でのばね振り子の減衰運動｜物理重要問題集 力学 問56【高校物理】,66,rikigaku_問056.png,完成,2026-07-26 09:04,完成
57,力学,ばねにつながれた物体との衝突,18 広島大,A,ばね振り子に衝突する物体の運動,ばね振り子に衝突する物体の運動｜物理重要問題集 力学 問57【高校物理】,67,rikigaku_問057.png,完成,2026-07-26 09:04,完成
58,力学,たてばねによる単振動,22 千葉大,A,鉛直に立てたばねによる単振動,鉛直に立てたばねによる単振動｜物理重要問題集 力学 問58【高校物理】,68-69,rikigaku_問058.png,完成,2026-07-26 09:04,完成
59,力学,単振り子,武蔵工大,A,単振り子の周期と張力を調べる,単振り子の周期と張力を調べる｜物理重要問題集 力学 問59【高校物理】,70-71,rikigaku_問059.png,完成,2026-07-26 09:04,完成
60,力学,浮力と単振動,20 福岡大,A,浮力を受けて浮く物体の単振動,浮力を受けて浮く物体の単振動｜物理重要問題集 力学 問60【高校物理】,72-73,rikigaku_問060.png,完成,2026-07-26 09:04,完成
61,力学,ばねに連結された2物体,佐賀大,A,ばねでつながれた2物体の単振動,ばねでつながれた2物体の単振動｜物理重要問題集 力学 問61【高校物理】,74,rikigaku_問061.png,完成,2026-07-26 09:04,完成
62,力学,地球のトンネル,23 東北大 改,A,地球を貫くトンネル内の物体の運動,地球を貫くトンネル内の物体の運動｜物理重要問題集 力学 問62【高校物理】,75-76,rikigaku_問062.png,完成,2026-07-26 09:04,完成
63,力学,ベルト上での物体の単振動,17 東北大,B,動くベルト上のばね振り子の単振動,動くベルト上のばね振り子の単振動｜物理重要問題集 力学 問63【高校物理】,77-78,rikigaku_問063.png,完成,2026-07-26 09:04,完成
64,熱,熱量の保存,16 岩手大,A,熱量計を用いて金属の比熱を求める,熱量計を用いて金属の比熱を求める｜物理重要問題集 熱 問64【高校物理】,1,netsu_問064.png,完成,2026-07-26 14:04,完成
65,熱,水の状態変化,15 近畿大,A,氷から水蒸気までの状態変化と加熱のようすを調べる,氷から水蒸気までの状態変化と加熱のようすを調べる｜物理重要問題集 熱 問65【高校物理】,2,netsu_問065.png,完成,2026-07-26 14:04,完成
66,熱,比熱と熱機関,25 防衛医大 改,A,燃料を燃焼させるエンジンの熱効率を求める,燃料を燃焼させるエンジンの熱効率を求める｜物理重要問題集 熱 問66【高校物理】,3,netsu_問066.png,完成,2026-07-26 14:04,完成
67,熱,熱気球,16 大阪工大,A,熱気球が浮き上がる仕組みを気体の状態方程式から考える,熱気球が浮き上がる仕組みを気体の状態方程式から考える｜物理重要問題集 熱 問67【高校物理】,4-5,netsu_問067.png,完成,2026-07-26 14:04,完成
68,熱,気体の混合,21 岩手大,A,コックでつながれた容器間の気体の混合を調べる,コックでつながれた容器間の気体の混合を調べる｜物理重要問題集 熱 問68【高校物理】,6-7,netsu_問068.png,完成,2026-07-26 14:04,完成
69,熱,気体分子の運動,24 大阪公大,A,気体分子の運動から圧力と内部エネルギーの関係を導く,気体分子の運動から圧力と内部エネルギーの関係を導く｜物理重要問題集 熱 問69【高校物理】,8-10,netsu_問069.png,完成,2026-07-26 14:04,完成
70,熱,気体の状態変化,22 電気通信大 改,A,傾けたガラス管内の気体の状態変化をくり返す過程を調べる,傾けたガラス管内の気体の状態変化をくり返す過程を調べる｜物理重要問題集 熱 問70【高校物理】,11,netsu_問070.png,完成,2026-07-26 14:04,完成
71,熱,ばね付きピストンで封じられた気体,18 東北学院大 改,A,ばねにつながれたピストンで封じた気体の状態変化を調べる,ばねにつながれたピストンで封じた気体の状態変化を調べる｜物理重要問題集 熱 問71【高校物理】,12,netsu_問071.png,完成,2026-07-26 14:04,完成
72,熱,気体の状態変化と熱効率,22 岐阜大,A,気体の循環過程を熱効率の立場から調べる,気体の循環過程を熱効率の立場から調べる｜物理重要問題集 熱 問72【高校物理】,13-14,netsu_問072.png,完成,2026-07-26 14:04,完成
73,熱,気体の状態変化と熱効率,19 神戸大 改,A,断熱変化を含む循環過程の熱効率を求める,断熱変化を含む循環過程の熱効率を求める｜物理重要問題集 熱 問73【高校物理】,15,netsu_問073.png,完成,2026-07-26 14:04,完成
74,熱,気体の状態変化,15 佐賀大 改,A,体積と温度のグラフから気体の循環過程を調べる,体積と温度のグラフから気体の循環過程を調べる｜物理重要問題集 熱 問74【高校物理】,16,netsu_問074.png,完成,2026-07-26 14:04,完成
75,熱,ピストンで封じられた気体,東京大,A,断面積が変わる容器内の気体の圧力変化を調べる,断面積が変わる容器内の気体の圧力変化を調べる｜物理重要問題集 熱 問75【高校物理】,17-18,netsu_問075.png,完成,2026-07-26 14:04,完成
76,熱,気体の状態変化と熱効率,弘前大,A,熱機関を利用したエレベータの熱効率を求める,熱機関を利用したエレベータの熱効率を求める｜物理重要問題集 熱 問76【高校物理】,19-20,netsu_問076.png,完成,2026-07-26 14:04,完成
77,熱,半透膜で仕切られた2種類の気体,22 東京大,B,半透膜で仕切られた2種類の気体のふるまいを調べる,半透膜で仕切られた2種類の気体のふるまいを調べる｜物理重要問題集 熱 問77【高校物理】,21-23,netsu_問077.png,完成,2026-07-26 14:04,完成
78,波動,正弦波の波形,香川大,A,波形のグラフから媒質の振動と合成波を調べる,波形のグラフから媒質の振動と合成波を調べる｜物理重要問題集 波動 問78【高校物理】,1-2,hadou_問078.png,完成,2026-07-26 14:04,完成
79,波動,正弦波の式と定在波,16 神戸大,A,入射波と反射波が重なってできる定在波を式で示す,入射波と反射波が重なってできる定在波を式で示す｜物理重要問題集 波動 問79【高校物理】,3,hadou_問079.png,完成,2026-07-26 14:04,完成
80,波動,円形波の反射,千葉工大,A,水面を伝わる円形波の反射と干渉を調べる,水面を伝わる円形波の反射と干渉を調べる｜物理重要問題集 波動 問80【高校物理】,4-5,hadou_問080.png,完成,2026-07-26 14:04,完成
81,波動,平面波の反射・屈折・干渉,19 埼玉大,A,水深が変わる境界での平面波の屈折と定在波を調べる,水深が変わる境界での平面波の屈折と定在波を調べる｜物理重要問題集 波動 問81【高校物理】,6-7,hadou_問081.png,完成,2026-07-26 14:04,完成
82,波動,水面波の反射と屈折,16 東京大,B,水深が異なる境界での波の反射と屈折を調べる,水深が異なる境界での波の反射と屈折を調べる｜物理重要問題集 波動 問82【高校物理】,8-9,hadou_問082.png,完成,2026-07-26 14:04,完成
83,波動,音波の干渉,25 東北学院大 改,A,クインケ管を使った音波の干渉から波長を求める,クインケ管を使った音波の干渉から波長を求める｜物理重要問題集 波動 問83【高校物理】,10,hadou_問083.png,完成,2026-07-26 14:04,完成
84,波動,弦の振動,帯広畜産大 改,A,おもりではった弦の固有振動を調べる,おもりではった弦の固有振動を調べる｜物理重要問題集 波動 問84【高校物理】,11-12,hadou_問084.png,完成,2026-07-26 14:04,完成
85,波動,気柱の共鳴,19 佐賀大 改,A,気柱の共鳴が起こる条件を振動数や管の長さから調べる,気柱の共鳴が起こる条件を振動数や管の長さから調べる｜物理重要問題集 波動 問85【高校物理】,13,hadou_問085.png,完成,2026-07-26 14:04,完成
86,波動,反射板がある場合のドップラー効果,19 京都府大,A,壁の反射を含むドップラー効果とうなりを調べる,壁の反射を含むドップラー効果とうなりを調べる｜物理重要問題集 波動 問86【高校物理】,14-15,hadou_問086.png,完成,2026-07-26 14:04,完成
87,波動,斜め方向のドップラー効果,19 関西大,A,斜め方向に進む音源が出す音のドップラー効果を導く,斜め方向に進む音源が出す音のドップラー効果を導く｜物理重要問題集 波動 問87【高校物理】,16-17,hadou_問087.png,完成,2026-07-26 14:04,完成
88,波動,エコーロケーションのしくみ,20 帯広畜産大,A,反射波を利用した位置測定のしくみをドップラー効果から調べる,反射波を利用した位置測定のしくみをドップラー効果から調べる｜物理重要問題集 波動 問88【高校物理】,18-19,hadou_問088.png,完成,2026-07-26 14:04,完成
89,波動,光の屈折,17 法政大 改,A,光ファイバー内を全反射で進む光の条件を調べる,光ファイバー内を全反射で進む光の条件を調べる｜物理重要問題集 波動 問89【高校物理】,20,hadou_問089.png,完成,2026-07-26 14:04,完成
90,波動,プリズムによる光の進路,25 関西学院大,A,プリズム内での光の反射と屈折の進み方を調べる,プリズム内での光の反射と屈折の進み方を調べる｜物理重要問題集 波動 問90【高校物理】,21-22,hadou_問090.png,完成,2026-07-26 14:04,完成
91,波動,組合せレンズ,17 長崎大,A,2枚のレンズを組み合わせたときの像と倍率を調べる,2枚のレンズを組み合わせたときの像と倍率を調べる｜物理重要問題集 波動 問91【高校物理】,23,hadou_問091.png,完成,2026-07-26 14:04,完成
92,波動,凹面鏡,15 筑波大(前期),A,凹面鏡による像の公式を近似を使って導く,凹面鏡による像の公式を近似を使って導く｜物理重要問題集 波動 問92【高校物理】,24-26,hadou_問092.png,完成,2026-07-26 14:04,完成
93,波動,ヤングの実験,21 山形大 改,A,ヤングの実験による光の干渉縞を調べる,ヤングの実験による光の干渉縞を調べる｜物理重要問題集 波動 問93【高校物理】,27-28,hadou_問093.png,完成,2026-07-26 14:04,完成
94,波動,回折格子,22 岡山大,A,回折格子による光の干渉から明線の位置を求める,回折格子による光の干渉から明線の位置を求める｜物理重要問題集 波動 問94【高校物理】,29-30,hadou_問094.png,完成,2026-07-26 14:04,完成
95,波動,薄膜による光の干渉,17 大阪府大 改,A,薄膜の上下面で反射した光の干渉条件を調べる,薄膜の上下面で反射した光の干渉条件を調べる｜物理重要問題集 波動 問95【高校物理】,31-32,hadou_問095.png,完成,2026-07-26 14:04,完成
96,波動,くさび形領域による光の干渉,佐賀大 改,A,くさび形の空気層による光の干渉縞を調べる,くさび形の空気層による光の干渉縞を調べる｜物理重要問題集 波動 問96【高校物理】,33-34,hadou_問096.png,完成,2026-07-26 14:04,完成
97,波動,ニュートンリング,21 千葉大 改,A,平凸レンズと平面ガラスの間の干渉でできる同心円状の模様を調べる,平凸レンズと平面ガラスの間の干渉でできる同心円状の模様を調べる｜物理重要問題集 波動 問97【高校物理】,35-36,hadou_問097.png,完成,2026-07-26 14:04,完成
98,波動,マイケルソン干渉計,24 横浜市大 改,A,干渉計を使って光路差や気体の屈折率を求める,干渉計を使って光路差や気体の屈折率を求める｜物理重要問題集 波動 問98【高校物理】,37-38,hadou_問098.png,完成,2026-07-26 14:04,完成
99,波動,ピンホールカメラによる像のぼやけ幅,22 名古屋工大 改,B,ピンホールの大きさと像のぼやけの関係を回折から調べる,ピンホールの大きさと像のぼやけの関係を回折から調べる｜物理重要問題集 波動 問99【高校物理】,39-41,hadou_問099.png,完成,2026-07-26 14:04,完成
100,電磁気,箔検電器,23 茨城大 改,A,箔検電器のはくの開閉から帯電のようすを調べる,箔検電器のはくの開閉から帯電のようすを調べる｜物理重要問題集 電磁気 問100【高校物理】,1-2,denjiki_問100.png,完成,2026-07-26 14:04,完成
101,電磁気,帯電した平面による電場,信州大 改,A,帯電した平面がつくる電場を調べる,帯電した平面がつくる電場を調べる｜物理重要問題集 電磁気 問101【高校物理】,3,denjiki_問101.png,完成,2026-07-26 14:04,完成
102,電磁気,静電気力がする仕事,静岡大,A,静電気力が点電荷にする仕事を求める,静電気力が点電荷にする仕事を求める｜物理重要問題集 電磁気 問102【高校物理】,4,denjiki_問102.png,完成,2026-07-26 14:04,完成
103,電磁気,電場と電位,22 筑波大(前期),A,座標平面上の点電荷がつくる電場と電位を調べる,座標平面上の点電荷がつくる電場と電位を調べる｜物理重要問題集 電磁気 問103【高校物理】,5-6,denjiki_問103.png,完成,2026-07-26 14:04,完成
104,電磁気,荷電粒子の運動,22 電気通信大,A,電場中を運動する荷電粒子の運動を調べる,電場中を運動する荷電粒子の運動を調べる｜物理重要問題集 電磁気 問104【高校物理】,7,denjiki_問104.png,完成,2026-07-26 14:04,完成
105,電磁気,帯電した導体がつくる電場,20 関西大,A,帯電した導体のまわりにできる電場を調べる,帯電した導体のまわりにできる電場を調べる｜物理重要問題集 電磁気 問105【高校物理】,8-9,denjiki_問105.png,完成,2026-07-26 14:04,完成
106,電磁気,ブラウン管の原理,16 立命館大,A,ブラウン管内での荷電粒子の運動の原理を調べる,ブラウン管内での荷電粒子の運動の原理を調べる｜物理重要問題集 電磁気 問106【高校物理】,10-11,denjiki_問106.png,完成,2026-07-26 14:04,完成
107,電磁気,電気力線,東京大,B,点電荷がつくる電気力線のようすを調べる,点電荷がつくる電気力線のようすを調べる｜物理重要問題集 電磁気 問107【高校物理】,12,denjiki_問107.png,完成,2026-07-26 14:04,完成
108,電磁気,コンデンサーの合成容量,群馬大,A,複数のコンデンサーを組み合わせた合成容量を求める,複数のコンデンサーを組み合わせた合成容量を求める｜物理重要問題集 電磁気 問108【高校物理】,13,denjiki_問108.png,完成,2026-07-26 14:04,完成
109,電磁気,ばね付きコンデンサー,15 広島市大 改,A,ばねで支えられた極板をもつコンデンサーのつりあいを調べる,ばねで支えられた極板をもつコンデンサーのつりあいを調べる｜物理重要問題集 電磁気 問109【高校物理】,14,denjiki_問109.png,完成,2026-07-26 14:04,完成
110,電磁気,極板間の電場と電位,大阪府大,A,コンデンサーの極板間の電場と電位を求める,コンデンサーの極板間の電場と電位を求める｜物理重要問題集 電磁気 問110【高校物理】,15-16,denjiki_問110.png,完成,2026-07-26 14:04,完成
111,電磁気,コンデンサーの極板が受ける力,25 和歌山県医大,A,コンデンサーの極板どうしにはたらく力を求める,コンデンサーの極板どうしにはたらく力を求める｜物理重要問題集 電磁気 問111【高校物理】,17-18,denjiki_問111.png,完成,2026-07-26 14:04,完成
112,電磁気,スイッチの切りかえによる電荷の移動,17 大阪市大,A,スイッチの切りかえによる電荷の移動を調べる,スイッチの切りかえによる電荷の移動を調べる｜物理重要問題集 電磁気 問112【高校物理】,19,denjiki_問112.png,完成,2026-07-26 14:04,完成
113,電磁気,ダイオードを含むコンデンサー回路とつなぎかえ,24 芝浦工大,A,ダイオードを含むコンデンサー回路のつなぎかえを調べる,ダイオードを含むコンデンサー回路のつなぎかえを調べる｜物理重要問題集 電磁気 問113【高校物理】,20,denjiki_問113.png,完成,2026-07-26 14:04,完成
114,電磁気,4枚の導体板によるコンデンサー回路,東京理大 改,B,複数の導体板を組み合わせたコンデンサー回路を調べる,複数の導体板を組み合わせたコンデンサー回路を調べる｜物理重要問題集 電磁気 問114【高校物理】,21-22,denjiki_問114.png,完成,2026-07-26 14:04,完成
115,電磁気,導体中の自由電子の運動,24 佐賀大,A,導体中を運動する自由電子から電流を調べる,導体中を運動する自由電子から電流を調べる｜物理重要問題集 電磁気 問115【高校物理】,23,denjiki_問115.png,完成,2026-07-26 14:04,完成
116,電磁気,キルヒホッフの法則,17 東京農大,A,キルヒホッフの法則を使って回路の電流を求める,キルヒホッフの法則を使って回路の電流を求める｜物理重要問題集 電磁気 問116【高校物理】,24,denjiki_問116.png,完成,2026-07-26 14:04,完成
117,電磁気,ホイートストンブリッジ,15 香川大,A,ホイートストンブリッジのつりあい条件を調べる,ホイートストンブリッジのつりあい条件を調べる｜物理重要問題集 電磁気 問117【高校物理】,25,denjiki_問117.png,完成,2026-07-26 14:04,完成
118,電磁気,電池の内部抵抗,宮城教育大 改,A,電池の内部抵抗を考慮した回路を調べる,電池の内部抵抗を考慮した回路を調べる｜物理重要問題集 電磁気 問118【高校物理】,26,denjiki_問118.png,完成,2026-07-26 14:04,完成
119,電磁気,コンデンサーを含む直流回路,22 熊本大 改,A,コンデンサーを含む直流回路の電荷と電流を調べる,コンデンサーを含む直流回路の電荷と電流を調べる｜物理重要問題集 電磁気 問119【高校物理】,27,denjiki_問119.png,完成,2026-07-26 14:04,完成
120,電磁気,電球とダイオードを含む直流回路,22 東京都立大,A,電球とダイオードを含む回路の特性を調べる,電球とダイオードを含む回路の特性を調べる｜物理重要問題集 電磁気 問120【高校物理】,28,denjiki_問120.png,完成,2026-07-26 14:04,完成
121,電磁気,発光ダイオードを含む直流回路,20 大阪工大,A,発光ダイオードを含む回路の電流と電圧を調べる,発光ダイオードを含む回路の電流と電圧を調べる｜物理重要問題集 電磁気 問121【高校物理】,29-30,denjiki_問121.png,完成,2026-07-26 14:04,完成
122,電磁気,コンデンサーを含む直流回路・最大消費電力,25 徳島大,A,コンデンサーを含む回路の消費電力を調べる,コンデンサーを含む回路の消費電力を調べる｜物理重要問題集 電磁気 問122【高校物理】,31,denjiki_問122.png,完成,2026-07-26 14:04,完成
123,電磁気,電圧と電流の関係,17 長崎大,A,素子の電圧と電流の関係を実験から調べる,素子の電圧と電流の関係を実験から調べる｜物理重要問題集 電磁気 問123【高校物理】,32,denjiki_問123.png,完成,2026-07-26 14:04,完成
124,電磁気,ハシゴ型に連結を増やしていく回路,24 横浜市大,B,ハシゴ状に素子を増やしていく回路の規則性を調べる,ハシゴ状に素子を増やしていく回路の規則性を調べる｜物理重要問題集 電磁気 問124【高校物理】,33-34,denjiki_問124.png,完成,2026-07-26 14:04,完成
125,電磁気,直線電流と円形電流がつくる磁場,23 日本女子大,A,直線電流と円形電流がつくる磁場を調べる,直線電流と円形電流がつくる磁場を調べる｜物理重要問題集 電磁気 問125【高校物理】,35,denjiki_問125.png,完成,2026-07-26 14:04,完成
126,電磁気,電流が磁場から受ける力,25 鳥取大,A,磁場中の電流が受ける力を調べる,磁場中の電流が受ける力を調べる｜物理重要問題集 電磁気 問126【高校物理】,36,denjiki_問126.png,完成,2026-07-26 14:04,完成
127,電磁気,一様な磁場内の荷電粒子の運動,23 群馬大 改,A,一様な磁場内での荷電粒子の運動を調べる,一様な磁場内での荷電粒子の運動を調べる｜物理重要問題集 電磁気 問127【高校物理】,37-38,denjiki_問127.png,完成,2026-07-26 14:04,完成
128,電磁気,半導体とホール効果,19 浜松医大,A,半導体に生じるホール効果を調べる,半導体に生じるホール効果を調べる｜物理重要問題集 電磁気 問128【高校物理】,39,denjiki_問128.png,完成,2026-07-26 14:04,完成
129,電磁気,サイクロトロン,24 徳島大,A,サイクロトロンによる荷電粒子の加速を調べる,サイクロトロンによる荷電粒子の加速を調べる｜物理重要問題集 電磁気 問129【高校物理】,40-41,denjiki_問129.png,完成,2026-07-26 14:04,完成
130,電磁気,電磁場中の荷電粒子の運動,東京大,B,電場と磁場が重なった空間での荷電粒子の運動を調べる,電場と磁場が重なった空間での荷電粒子の運動を調べる｜物理重要問題集 電磁気 問130【高校物理】,42-43,denjiki_問130.png,完成,2026-07-26 14:04,完成
131,電磁気,金属円筒中を落下するネオジム磁石,18 千葉工大,A,金属円筒中を落下する磁石にはたらく力を調べる,金属円筒中を落下する磁石にはたらく力を調べる｜物理重要問題集 電磁気 問131【高校物理】,44,denjiki_問131.png,完成,2026-07-26 14:04,完成
132,電磁気,磁場中を運動する導体棒,24 関西学院大,A,磁場中を運動する導体棒に生じる誘導起電力を調べる,磁場中を運動する導体棒に生じる誘導起電力を調べる｜物理重要問題集 電磁気 問132【高校物理】,45-46,denjiki_問132.png,完成,2026-07-26 14:04,完成
133,電磁気,傾斜したレール上をすべる導体棒,21 京都工繊大,A,傾斜レール上をすべる導体棒の誘導起電力を調べる,傾斜レール上をすべる導体棒の誘導起電力を調べる｜物理重要問題集 電磁気 問133【高校物理】,47-48,denjiki_問133.png,完成,2026-07-26 14:04,完成
134,電磁気,長方形コイルに生じる誘導起電力,21 高知大 改,A,長方形コイルを貫く磁束の変化から誘導起電力を調べる,長方形コイルを貫く磁束の変化から誘導起電力を調べる｜物理重要問題集 電磁気 問134【高校物理】,49,denjiki_問134.png,完成,2026-07-26 14:04,完成
135,電磁気,斜面上を動く正方形コイルに生じる誘導起電力,21 新潟大,A,斜面上を動くコイルに生じる誘導起電力を調べる,斜面上を動くコイルに生じる誘導起電力を調べる｜物理重要問題集 電磁気 問135【高校物理】,50-51,denjiki_問135.png,完成,2026-07-26 14:04,完成
136,電磁気,回転する導体棒に生じる誘導起電力,15 同志社大,A,回転する導体棒に生じる誘導起電力を調べる,回転する導体棒に生じる誘導起電力を調べる｜物理重要問題集 電磁気 問136【高校物理】,52-53,denjiki_問136.png,完成,2026-07-26 14:04,完成
137,電磁気,相互誘導,19 大阪府大 改,A,2つのコイル間の相互誘導を調べる,2つのコイル間の相互誘導を調べる｜物理重要問題集 電磁気 問137【高校物理】,54,denjiki_問137.png,完成,2026-07-26 14:04,完成
138,電磁気,コイルを含む直流回路,20 中央大,A,コイルを含む直流回路の電流の変化を調べる,コイルを含む直流回路の電流の変化を調べる｜物理重要問題集 電磁気 問138【高校物理】,55-56,denjiki_問138.png,完成,2026-07-26 14:04,完成
139,電磁気,ベータトロン,25 横浜市大 改,A,ベータトロンによる荷電粒子の加速原理を調べる,ベータトロンによる荷電粒子の加速原理を調べる｜物理重要問題集 電磁気 問139【高校物理】,57-58,denjiki_問139.png,完成,2026-07-26 14:04,完成
140,電磁気,磁場中を運動する導体棒,21 同志社大,B,磁場中を運動する導体棒に生じる現象を調べる,磁場中を運動する導体棒に生じる現象を調べる｜物理重要問題集 電磁気 問140【高校物理】,59-60,denjiki_問140.png,完成,2026-07-26 14:04,完成
141,電磁気,交流の発生,23 徳島大,A,磁場中で回転するコイルに生じる交流を調べる,磁場中で回転するコイルに生じる交流を調べる｜物理重要問題集 電磁気 問141【高校物理】,61-62,denjiki_問141.png,完成,2026-07-26 14:04,完成
142,電磁気,交流の送電,九州工大 改,A,変圧器を利用した交流の送電のしくみを調べる,変圧器を利用した交流の送電のしくみを調べる｜物理重要問題集 電磁気 問142【高校物理】,63-64,denjiki_問142.png,完成,2026-07-26 14:04,完成
143,電磁気,RLC直列回路,25 東京農工大 改,A,抵抗・コイル・コンデンサーを直列につないだ回路を調べる,抵抗・コイル・コンデンサーを直列につないだ回路を調べる｜物理重要問題集 電磁気 問143【高校物理】,65-66,denjiki_問143.png,完成,2026-07-26 14:04,完成
144,電磁気,RLC並列回路,20 福井大 改,A,抵抗・コイル・コンデンサーを並列につないだ回路を調べる,抵抗・コイル・コンデンサーを並列につないだ回路を調べる｜物理重要問題集 電磁気 問144【高校物理】,67,denjiki_問144.png,完成,2026-07-26 14:04,完成
145,電磁気,電気振動,18 東京農工大 改,A,コイルとコンデンサーがつくる電気振動を調べる,コイルとコンデンサーがつくる電気振動を調べる｜物理重要問題集 電磁気 問145【高校物理】,68-69,denjiki_問145.png,完成,2026-07-26 14:04,完成
146,電磁気,過渡現象と電気振動,京都工繊大,A,スイッチの切りかえによる過渡現象と電気振動を調べる,スイッチの切りかえによる過渡現象と電気振動を調べる｜物理重要問題集 電磁気 問146【高校物理】,70,denjiki_問146.png,完成,2026-07-26 14:04,完成
147,原子,質量分析器,25 岡山大,A,加速した荷電粒子を磁場で分けて質量を測定する装置を調べる,加速した荷電粒子を磁場で分けて質量を測定する装置を調べる｜物理重要問題集 原子 問147【高校物理】,1-2,genshi_問147.png,完成,2026-07-26 14:04,完成
148,原子,電子の比電荷の測定,24 京都産業大,A,電場と磁場を利用して電子の比電荷を測定する方法を調べる,電場と磁場を利用して電子の比電荷を測定する方法を調べる｜物理重要問題集 原子 問148【高校物理】,3-4,genshi_問148.png,完成,2026-07-26 14:04,完成
149,原子,ミリカンの実験,19 同志社大,A,微粒子の運動から電気素量を測定する実験を調べる,微粒子の運動から電気素量を測定する実験を調べる｜物理重要問題集 原子 問149【高校物理】,5,genshi_問149.png,完成,2026-07-26 14:04,完成
150,原子,光電効果,17 香川大,A,金属に光を当てたときに電子が飛び出す現象を調べる,金属に光を当てたときに電子が飛び出す現象を調べる｜物理重要問題集 原子 問150【高校物理】,6-7,genshi_問150.png,完成,2026-07-26 14:04,完成
151,原子,X線の発生とX線回折,18 近畿大,A,X線の発生スペクトルと結晶によるX線回折を調べる,X線の発生スペクトルと結晶によるX線回折を調べる｜物理重要問題集 原子 問151【高校物理】,8,genshi_問151.png,完成,2026-07-26 14:04,完成
152,原子,コンプトン効果,25 熊本大,A,X線と電子の衝突によるコンプトン効果を調べる,X線と電子の衝突によるコンプトン効果を調べる｜物理重要問題集 原子 問152【高校物理】,9-10,genshi_問152.png,完成,2026-07-26 14:04,完成
153,原子,ブラッグ反射と金属からの光の発生,東北大,B,結晶による反射と金属からの光の発生を調べる,結晶による反射と金属からの光の発生を調べる｜物理重要問題集 原子 問153【高校物理】,11-12,genshi_問153.png,完成,2026-07-26 14:04,完成
154,原子,水素原子モデル,20 九州工大 改,A,ボーアの水素原子モデルからエネルギー準位を導く,ボーアの水素原子モデルからエネルギー準位を導く｜物理重要問題集 原子 問154【高校物理】,13-14,genshi_問154.png,完成,2026-07-26 14:04,完成
155,原子,原子核,19 大阪市大,A,原子核の崩壊と核分裂で生じるエネルギーを調べる,原子核の崩壊と核分裂で生じるエネルギーを調べる｜物理重要問題集 原子 問155【高校物理】,15,genshi_問155.png,完成,2026-07-26 14:04,完成
156,原子,核反応で生じるエネルギー,16 名古屋市大,A,核反応の前後の質量から生じるエネルギーを求める,核反応の前後の質量から生じるエネルギーを求める｜物理重要問題集 原子 問156【高校物理】,16,genshi_問156.png,完成,2026-07-26 14:04,完成
157,原子,中性子による核反応,18 同志社大,A,中性子を利用した核反応とその応用を調べる,中性子を利用した核反応とその応用を調べる｜物理重要問題集 原子 問157【高校物理】,17-18,genshi_問157.png,完成,2026-07-26 14:04,完成
158,原子,中性子の発見,20 大阪工大,B,中性子の発見に至る実験と考察の経緯をたどる,中性子の発見に至る実験と考察の経緯をたどる｜物理重要問題集 原子 問158【高校物理】,19-21,genshi_問158.png,完成,2026-07-26 14:04,完成
159,考察,ハンマー投げの力学モデル,24 名古屋市大 改,−,ハンマー投げを回転する棒のモデルで力学的に考察する,ハンマー投げを回転する棒のモデルで力学的に考察する｜物理重要問題集 考察 問159【高校物理】,1-3,kousatsu_問159.png,完成,2026-07-26 14:04,完成
160,考察,波の屈折と虹のしくみ,16 北海道大,−,波の屈折の原理から虹ができるしくみを考察する,波の屈折の原理から虹ができるしくみを考察する｜物理重要問題集 考察 問160【高校物理】,4-5,kousatsu_問160.png,完成,2026-07-26 14:04,完成
161,考察,気体の分子運動と音の速さ,23 九州大,−,気体分子の運動から音の伝わる速さを導く,気体分子の運動から音の伝わる速さを導く｜物理重要問題集 考察 問161【高校物理】,6-9,kousatsu_問161.png,完成,2026-07-26 14:04,完成
162,考察,回路素子の決定,22 東京理大,−,未知の回路素子が抵抗・コイル・コンデンサーのどれかを測定から決定する,未知の回路素子が抵抗・コイル・コンデンサーのどれかを測定から決定する｜物理重要問題集 考察 問162【高校物理】,10-11,kousatsu_問162.png,完成,2026-07-26 14:04,完成
163,考察,陽電子断層撮影法のしくみ,20 福井大 改,−,陽電子と電子の対消滅を利用した画像化のしくみを考察する,陽電子と電子の対消滅を利用した画像化のしくみを考察する｜物理重要問題集 考察 問163【高校物理】,12-13,kousatsu_問163.png,完成,2026-07-26 14:04,完成
