video_id,旧タイトル,新タイトル
,『リードα物理基礎・物理』28章_基礎CHECK,第28章 基礎CHECK 総まとめ｜リードα【高校物理】
,『リードα物理基礎・物理』29章_基礎CHECK,第29章 基礎CHECK 総まとめ｜リードα【高校物理】
,『リードα物理基礎・物理』28章_基本例題94,電場による電子の偏向｜リードα 第28章 基本例題94【高校物理】
,『リードα物理基礎・物理』28章_基本例題95,磁場による電子の偏向｜リードα 第28章 基本例題95【高校物理】
,『リードα物理基礎・物理』28章_基本例題96,光電効果｜リードα 第28章 基本例題96【高校物理】
,『リードα物理基礎・物理』28章_基本例題97,Ｘ線の発生と性質｜リードα 第28章 基本例題97【高校物理】
,『リードα物理基礎・物理』28章_基本例題98,電子線の回折｜リードα 第28章 基本例題98【高校物理】
,『リードα物理基礎・物理』28章_基本問題475,放電｜リードα 第28章 基本問題475【高校物理】
,『リードα物理基礎・物理』28章_基本問題476,陰極線と磁場｜リードα 第28章 基本問題476【高校物理】
,『リードα物理基礎・物理』28章_基本問題477,電場と磁場による電子の偏向｜リードα 第28章 基本問題477【高校物理】
,『リードα物理基礎・物理』28章_基本問題478,磁場による電子の偏向｜リードα 第28章 基本問題478【高校物理】
,『リードα物理基礎・物理』28章_基本問題479,ミリカンの実験｜リードα 第28章 基本問題479【高校物理】
,『リードα物理基礎・物理』28章_基本問題480,ミリカンの実験｜リードα 第28章 基本問題480【高校物理】
,『リードα物理基礎・物理』28章_基本問題481,電気素量｜リードα 第28章 基本問題481【高校物理】
,『リードα物理基礎・物理』28章_基本問題482,光電効果｜リードα 第28章 基本問題482【高校物理】
,『リードα物理基礎・物理』28章_基本問題483,光電効果｜リードα 第28章 基本問題483【高校物理】
,『リードα物理基礎・物理』28章_基本問題484,光電効果のグラフ｜リードα 第28章 基本問題484【高校物理】
,『リードα物理基礎・物理』28章_基本問題485,光電効果の阻止電圧｜リードα 第28章 基本問題485【高校物理】
,『リードα物理基礎・物理』28章_基本問題486,電場による加速｜リードα 第28章 基本問題486【高校物理】
,『リードα物理基礎・物理』28章_基本問題487,X線の発生｜リードα 第28章 基本問題487【高校物理】
,『リードα物理基礎・物理』28章_基本問題488,X線回折｜リードα 第28章 基本問題488【高校物理】
,『リードα物理基礎・物理』28章_基本問題489,光の粒子性｜リードα 第28章 基本問題489【高校物理】
,『リードα物理基礎・物理』28章_基本問題490,コンプトン効果｜リードα 第28章 基本問題490【高校物理】
,『リードα物理基礎・物理』28章_基本問題491,電子波｜リードα 第28章 基本問題491【高校物理】
,『リードα物理基礎・物理』28章_基本問題492,電子波｜リードα 第28章 基本問題492【高校物理】
,『リードα物理基礎・物理』28章_応用問題493,電子の比電荷｜リードα 第28章 応用問題493【高校物理】
,『リードα物理基礎・物理』28章_応用問題494,電子の運動の重力の影響｜リードα 第28章 応用問題494【高校物理】
,『リードα物理基礎・物理』28章_応用問題495,光の圧力｜リードα 第28章 応用問題495【高校物理】
,『リードα物理基礎・物理』28章_応用問題496,光電効果｜リードα 第28章 応用問題496【高校物理】
,『リードα物理基礎・物理』28章_応用問題497,コンプトン効果｜リードα 第28章 応用問題497【高校物理】
,『リードα物理基礎・物理』28章_応用問題498,Ｘ線と電子線の回折｜リードα 第28章 応用問題498【高校物理】
,『リードα物理基礎・物理』29章_基本例題99,水素原子の構造｜リードα 第29章 基本例題99【高校物理】
,『リードα物理基礎・物理』29章_基本例題100,放射性崩壊｜リードα 第29章 基本例題100【高校物理】
,『リードα物理基礎・物理』29章_基本例題101,半減期｜リードα 第29章 基本例題101【高校物理】
,『リードα物理基礎・物理』29章_基本例題102,原子核反応と核エネルギー｜リードα 第29章 基本例題102【高校物理】
,『リードα物理基礎・物理』29章_基本例題103,核分裂｜リードα 第29章 基本例題103【高校物理】
,『リードα物理基礎・物理』29章_基本例題104,結合エネルギー｜リードα 第29章 基本例題104【高校物理】
,『リードα物理基礎・物理』29章_基本問題499,水素原子のエネルギー準位｜リードα 第29章 基本問題499【高校物理】
,『リードα物理基礎・物理』29章_基本問題500,原子番号Ｚの原子のモデル｜リードα 第29章 基本問題500【高校物理】
,『リードα物理基礎・物理』29章_基本問題501,原子量｜リードα 第29章 基本問題501【高校物理】
,『リードα物理基礎・物理』29章_基本問題502,質量分析器｜リードα 第29章 基本問題502【高校物理】
,『リードα物理基礎・物理』29章_基本問題503,放射性崩壊と放射線｜リードα 第29章 基本問題503【高校物理】
,『リードα物理基礎・物理』29章_基本問題504,放射性崩壊｜リードα 第29章 基本問題504【高校物理】
,『リードα物理基礎・物理』29章_基本問題505,半減期｜リードα 第29章 基本問題505【高校物理】
,『リードα物理基礎・物理』29章_基本問題506,１４Ｃと年代測定｜リードα 第29章 基本問題506【高校物理】
,『リードα物理基礎・物理』29章_基本問題507,放射性崩壊と半減期｜リードα 第29章 基本問題507【高校物理】
,『リードα物理基礎・物理』29章_基本問題508,結合エネルギー｜リードα 第29章 基本問題508【高校物理】
,『リードα物理基礎・物理』29章_基本問題509,原子核反応とβ崩壊｜リードα 第29章 基本問題509【高校物理】
,『リードα物理基礎・物理』29章_基本問題510,原子核の崩壊とエネルギー保存則｜リードα 第29章 基本問題510【高校物理】
,『リードα物理基礎・物理』29章_基本問題511,核分裂｜リードα 第29章 基本問題511【高校物理】
,『リードα物理基礎・物理』29章_基本問題512,核融合｜リードα 第29章 基本問題512【高校物理】
,『リードα物理基礎・物理』29章_基本問題513,クォーク模型｜リードα 第29章 基本問題513【高校物理】
,『リードα物理基礎・物理』29章_応用問題514,水素原子のスペクトル｜リードα 第29章 応用問題514【高校物理】
,『リードα物理基礎・物理』29章_応用問題515,α崩壊｜リードα 第29章 応用問題515【高校物理】
,『リードα物理基礎・物理』29章_応用問題516,年代測定｜リードα 第29章 応用問題516【高校物理】
,『リードα物理基礎・物理』29章_応用問題517,核反応における保存則｜リードα 第29章 応用問題517【高校物理】
,『リードα物理基礎・物理』29章_応用問題518,中性子と核分裂｜リードα 第29章 応用問題518【高校物理】
,『リードα物理基礎・物理』29章_応用問題519,原子核反応｜リードα 第29章 応用問題519【高校物理】
,『リードα物理基礎・物理』29章_応用問題520,β＋崩壊，電子対消滅｜リードα 第29章 応用問題520【高校物理】
