video_id,旧タイトル,新タイトル,views,優先度,更新状況,更新日時,サムネイル状況,サムネイル更新日時
-axhFkLZWRU,『リードα物理基礎・物理』5章_基本問題96,棒を壁と糸で支える張力と抗力を求める｜リードα 第5章 基本問題96【高校物理】,0,1,更新済み,2026-07-15T11:13:13,更新済み,2026-07-16T12:10:51
-HL48spPqwo,『リードα物理基礎・物理』7章_基本例題30,台車が衝突合体しばねで分裂する速度を求める｜リードα 第7章 基本例題30【高校物理】,0,2,更新済み,2026-07-15T11:13:15,更新済み,2026-07-16T12:10:55
-uvibpJ5rSY,『リードα物理基礎・物理』10章_応用問題210,地球貫通トンネルでの単振動の周期を求める｜リードα 第10章 応用問題210【高校物理】,0,3,更新済み,2026-07-15T11:13:16,更新済み,2026-07-16T12:10:59
yT6VeB3mkAY,『リードα物理基礎・物理』11章_基本問題216,熱量計に入れた金属球の比熱を求める｜リードα 第11章 基本問題216【高校物理】,0,4,更新済み,2026-07-15T11:13:17,更新済み,2026-07-16T12:11:03
eiCq3ulsQtA,『リードα物理基礎・物理』11章_基本問題221,レールの伸びから鉄の線膨張率を求める｜リードα 第11章 基本問題221【高校物理】,0,5,更新済み,2026-07-15T11:13:19,更新済み,2026-07-16T12:11:07
-DZGW-z5VA8,『リードα物理基礎・物理』13章_基本問題248,窒素分子の質量と二乗平均速度を求める｜リードα 第13章 基本問題248【高校物理】,0,6,更新済み,2026-07-15T11:18:09,更新済み,2026-07-16T12:19:18
-EQcw59ypBc,『リードα物理基礎・物理』15章_基本問題282,cos表記の正弦波から変位式をつくる｜リードα 第15章 基本問題282【高校物理】,0,7,更新済み,2026-07-15T11:18:11,更新済み,2026-07-16T12:19:23
-GH1Bv36qFY,『リードα物理基礎・物理』16章_応用問題291,位相差のある2波源の干渉腹線を求める｜リードα 第16章 応用問題291【高校物理】,0,8,更新済み,2026-07-15T11:18:12,更新済み,2026-07-16T12:19:27
6NB9UcZaIUY,『リードα物理基礎・物理』17章_基本問題301,弦の基本振動・2倍振動・3倍振動を作図する｜リードα 第17章 基本問題301【高校物理】,0,9,更新済み,2026-07-15T11:18:13,更新済み,2026-07-16T12:19:31
-mpFt5kR3oA,『リードα物理基礎・物理』19章_基本問題335,凸レンズ通過前後の光の波面の形状を選ぶ｜リードα 第19章 基本問題335【高校物理】,0,10,更新済み,2026-07-15T11:18:15,更新済み,2026-07-16T12:19:35
-rvFWOyj6fo,『リードα物理基礎・物理』21章_基本問題362,正三角形の頂点の2電荷がつくる電場を図示する｜リードα 第21章 基本問題362【高校物理】,0,11,更新済み,2026-07-15T11:18:16,更新済み,2026-07-16T12:19:41
-_q689K-aY0,『リードα物理基礎・物理』26章_基礎CHECK,第26章 基礎CHECK 総まとめ｜リードα【高校物理】,0,12,更新済み,2026-07-15T11:18:17,更新済み,2026-07-16T12:19:44
aVDllmnzJeo,『リードα物理基礎・物理』11章_基本問題212,熱量と温度上昇から金属の比熱を求める｜リードα 第11章 基本問題212【高校物理】,1,13,更新済み,2026-07-15T11:18:19,更新済み,2026-07-16T12:19:49
gYu3SUDDUYk,『リードα物理基礎・物理』11章_基本問題213,湯と水を混ぜた熱平衡温度を求める｜リードα 第11章 基本問題213【高校物理】,1,14,更新済み,2026-07-15T11:18:21,更新済み,2026-07-16T12:19:54
HAZSYjQRgWo,『リードα物理基礎・物理』11章_基本問題214,湯を加えた容器の熱容量を熱量保存から求める｜リードα 第11章 基本問題214【高校物理】,1,15,更新済み,2026-07-15T11:18:23,更新済み,2026-07-16T12:19:59
EBgf6A6SoAk,『リードα物理基礎・物理』11章_基本問題215,鉄製容器と水を混ぜた熱平衡温度を求める｜リードα 第11章 基本問題215【高校物理】,1,16,更新済み,2026-07-15T11:18:24,更新済み,2026-07-16T12:20:03
v5hzjti8Zjo,『リードα物理基礎・物理』11章_基本問題217,水が水蒸気になる熱量を蒸発熱から求める｜リードα 第11章 基本問題217【高校物理】,1,17,更新済み,2026-07-15T11:18:26,更新済み,2026-07-16T12:20:07
JQmume878Gs,『リードα物理基礎・物理』11章_基本問題222,壁に衝突した弾丸の発生熱量を求める｜リードα 第11章 基本問題222【高校物理】,1,18,更新済み,2026-07-15T11:18:27,更新済み,2026-07-16T12:20:11
H70mz7rjdZo,『リードα物理基礎・物理』11章_基本問題223,鉛粒を繰り返し落下させた仕事と熱量を比べる｜リードα 第11章 基本問題223【高校物理】,1,19,更新済み,2026-07-15T11:18:29,更新済み,2026-07-16T12:20:15
_A49coWB6pw,『リードα物理基礎・物理』11章_基本問題225,熱効率から熱機関の仕事と放出熱量を求める｜リードα 第11章 基本問題225【高校物理】,1,20,更新済み,2026-07-15T11:18:30,更新済み,2026-07-16T12:20:21
WnJHoxWyAjU,『リードα物理基礎・物理』11章_基本問題226,熱効率からディーゼル機関の重油量を求める｜リードα 第11章 基本問題226【高校物理】,1,21,更新済み,2026-07-15T11:18:32,更新済み,2026-07-16T12:20:25
gg3bcZ_YTXg,『リードα物理基礎・物理』14章_基本例題52,2つの正弦波の合成で定在波の腹を求める｜リードα 第14章 基本例題52【高校物理】,1,22,更新済み,2026-07-15T11:18:33,更新済み,2026-07-16T12:20:29
VYgFyljtx8U,『リードα物理基礎・物理』14章_基本問題268,正弦波が同じ波形に戻る時刻を求める｜リードα 第14章 基本問題268【高校物理】,1,23,更新済み,2026-07-15T11:18:35,更新済み,2026-07-16T12:20:33
6rP_mBc7pfs,『リードα物理基礎・物理』17章_基本例題57,おんさの振動数から弦の波長と速さを求める｜リードα 第17章 基本例題57【高校物理】,1,24,更新済み,2026-07-15T11:18:37,更新済み,2026-07-16T12:20:38
IOscjtnRANg,『リードα物理基礎・物理』17章_基本問題294,気温と音速の関係式から音の速さを求める｜リードα 第17章 基本問題294【高校物理】,1,25,更新済み,2026-07-15T11:18:39,更新済み,2026-07-16T12:20:42
8sns-odOLcs,『リードα物理基礎・物理』17章_基本問題303,おもりの質量と線密度から波の速さを求める｜リードα 第17章 基本問題303【高校物理】,1,26,更新済み,2026-07-15T11:18:40,更新済み,2026-07-16T12:20:47
1fOkGJruCnU,『リードα物理基礎・物理』17章_基本問題307,閉管の3倍振動で開口端外側の腹の位置を表す｜リードα 第17章 基本問題307【高校物理】,1,27,更新済み,2026-07-15T11:18:42,更新済み,2026-07-16T12:20:51
XvcZRrnmX04,『リードα物理基礎・物理』17章_基礎CHECK,第17章 基礎CHECK 総まとめ｜リードα【高校物理】,1,28,更新済み,2026-07-15T11:18:43,更新済み,2026-07-16T12:20:56
DgTGA-qqVCs,『リードα物理基礎・物理』9章_基本問題187,条件を変えたときの周期の倍率を求める｜リードα 第9章 基本問題187【高校物理】,2,29,更新済み,2026-07-15T11:18:45,更新済み,2026-07-16T12:21:00
XZYQhc_Y9vc,『リードα物理基礎・物理』11章_基本問題211,熱容量の物体に熱を与えた温度上昇を求める｜リードα 第11章 基本問題211【高校物理】,2,30,更新済み,2026-07-15T11:18:46,更新済み,2026-07-16T12:21:04
zxW1wiNz1xs,『リードα物理基礎・物理』11章_基本問題218,氷が水になる熱量から融解熱を求める｜リードα 第11章 基本問題218【高校物理】,2,31,更新済み,2026-07-15T11:18:47,更新済み,2026-07-16T12:21:08
W3Y5m8VEVgY,『リードα物理基礎・物理』11章_基本問題219,氷から水蒸気への加熱グラフから熱量を求める｜リードα 第11章 基本問題219【高校物理】,2,32,更新済み,2026-07-15T11:18:49,更新済み,2026-07-16T12:21:11
tufQbNpAUQA,『リードα物理基礎・物理』14章_基本問題266,波形の時間変化から波長と速さを求める｜リードα 第14章 基本問題266【高校物理】,2,33,更新済み,2026-07-15T11:18:50,更新済み,2026-07-16T12:21:16
_6heIzIfqMs,『リードα物理基礎・物理』14章_基本問題269,原点の振動をy-t図に表し比較する｜リードα 第14章 基本問題269【高校物理】,2,34,更新済み,2026-07-15T11:18:52,更新済み,2026-07-16T12:21:20
XuOoeEXOBys,『リードα物理基礎・物理』14章_基本問題270,y-t図から波長を求めy-x図を作図する｜リードα 第14章 基本問題270【高校物理】,2,35,更新済み,2026-07-15T11:18:53,更新済み,2026-07-16T12:21:24
VWGf30jL1Ng,『リードα物理基礎・物理』17章_基本問題296,汽笛の反響時間から氷山までの距離を求める｜リードα 第17章 基本問題296【高校物理】,2,36,更新済み,2026-07-15T11:18:55,更新済み,2026-07-16T12:21:29
GsFXLx-no2I,『リードα物理基礎・物理』17章_基本問題297,音波が水面で屈折する角度とsin値を求める｜リードα 第17章 基本問題297【高校物理】,2,37,更新済み,2026-07-15T11:18:57,更新済み,2026-07-16T12:21:33
No56_Yu983c,『リードα物理基礎・物理』17章_基本問題298,2スピーカーの音の経路差で強弱を判定する｜リードα 第17章 基本問題298【高校物理】,2,38,更新済み,2026-07-15T11:18:58,更新済み,2026-07-16T12:21:38
GWeaKslj8zY,『リードα物理基礎・物理』17章_基本問題300,うなりの回数から未知のおんさの振動数を求める｜リードα 第17章 基本問題300【高校物理】,2,39,更新済み,2026-07-15T11:18:59,更新済み,2026-07-16T12:21:42
2NXYMx3I5lM,『リードα物理基礎・物理』17章_基本問題306,開管の共鳴で定在波の節の間隔から波長を求める｜リードα 第17章 基本問題306【高校物理】,2,40,更新済み,2026-07-15T11:19:01,更新済み,2026-07-16T12:21:46
sJuQQtB3W0M,『リードα物理基礎・物理』23章_応用問題406,抵抗の接続法によるジュール熱の発生比を求める｜リードα 第23章 応用問題406【高校物理】,2,41,更新済み,2026-07-15T11:19:03,更新済み,2026-07-16T12:21:51
KH_0kgM3ebQ,『リードα物理基礎・物理』10章_応用問題206,緯度θでの重力加速度と南北差を求める｜リードα 第10章 応用問題206【高校物理】,3,42,更新済み,2026-07-15T11:19:04,更新済み,2026-07-16T12:21:56
ryyjiWsEdqw,『リードα物理基礎・物理』11章_基本例題42,羽根車実験でおもりの仕事から水温上昇を求める｜リードα 第11章 基本例題42【高校物理】,3,43,更新済み,2026-07-15T11:19:06,更新済み,2026-07-16T12:21:59
WNAXHqEbDH4,『リードα物理基礎・物理』11章_基本問題224,4つの状態変化での内部エネルギーを解く｜リードα 第11章 基本問題224【高校物理】,3,44,更新済み,2026-07-15T11:19:07,更新済み,2026-07-16T12:22:03
Ue3HJ9zslFE,『リードα物理基礎・物理』11章_基礎CHECK,第11章 基礎CHECK 総まとめ｜リードα【高校物理】,3,45,更新済み,2026-07-15T11:19:09,更新済み,2026-07-16T12:22:08
5L-g-9jrnpw,『リードα物理基礎・物理』14章_基本問題267,波形図で速度最大の点と動く向きを判別する｜リードα 第14章 基本問題267【高校物理】,3,46,更新済み,2026-07-15T11:19:10,更新済み,2026-07-16T12:22:12
seU8bMM9TFE,『リードα物理基礎・物理』17章_基本例題58,気柱共鳴の管の長さの差から音速を求める｜リードα 第17章 基本例題58【高校物理】,3,47,更新済み,2026-07-15T11:19:11,更新済み,2026-07-16T12:28:05
7tZoaJCg-BM,『リードα物理基礎・物理』17章_基本問題295,音源の移動と風で音の到達時間を求める｜リードα 第17章 基本問題295【高校物理】,3,48,更新済み,2026-07-15T11:19:13,更新済み,2026-07-16T12:28:08
Juyp1qwq4h0,『リードα物理基礎・物理』17章_基本問題299,波形図からうなりの周期と回数を求める｜リードα 第17章 基本問題299【高校物理】,3,49,更新済み,2026-07-15T11:19:14,更新済み,2026-07-16T12:28:13
iLbxozCJ_YE,『リードα物理基礎・物理』17章_基本問題305,閉管の定在波の節の位置から波長を求める｜リードα 第17章 基本問題305【高校物理】,3,50,更新済み,2026-07-15T11:19:16,更新済み,2026-07-16T12:28:17
hKGHleb-KkY,『リードα物理基礎・物理』23章_応用問題405,可変抵抗の変化に対する電流変化をグラフで選ぶ｜リードα 第23章 応用問題405【高校物理】,3,51,更新済み,2026-07-15T11:19:18,更新済み,2026-07-16T12:28:21
U9hs6aWuVYg,『リードα物理基礎・物理』10章_基本問題197,万有引力定数から地球の質量を求める｜リードα 第10章 基本問題197【高校物理】,4,52,更新済み,2026-07-15T11:19:19,更新済み,2026-07-16T12:28:25
tDS8yfII0Bg,『リードα物理基礎・物理』11章_基本問題220,湯と氷を混ぜ水の比熱と氷の質量を求める｜リードα 第11章 基本問題220【高校物理】,4,53,更新済み,2026-07-15T11:19:20,更新済み,2026-07-16T12:28:29
CEJGfX1c0Go,『リードα物理基礎・物理』14章_基本例題50,y-x図から媒質のy-t図を作成する｜リードα 第14章 基本例題50【高校物理】,4,54,更新済み,2026-07-15T11:19:22,更新済み,2026-07-16T12:28:33
YxFFGQ-Dw5g,『リードα物理基礎・物理』6章_基本問題108,斜面と鉛直で物体を引き上げる仕事を比較する｜リードα 第6章 基本問題108【高校物理】,5,55,更新済み,2026-07-15T11:19:23,更新済み,2026-07-16T12:28:37
E1tI3NMQNsA,『リードα物理基礎・物理』6章_基本問題119,"振り子が最下点を通る速さをg,lで表す｜リードα 第6章 基本問題119【高校物理】",5,56,更新済み,2026-07-15T11:19:25,更新済み,2026-07-16T12:28:42
gDG4ZZFzbqE,『リードα物理基礎・物理』9章_応用問題190,ゴムひもでつるした小球の運動を空所補充で表す｜リードα 第9章 応用問題190【高校物理】,5,57,更新済み,2026-07-15T11:19:27,更新済み,2026-07-16T12:28:46
X36ebp6Y6Ls,『リードα物理基礎・物理』10章_応用問題207,衛星を打ち上げるのに必要なエネルギーを求める｜リードα 第10章 応用問題207【高校物理】,5,58,更新済み,2026-07-15T11:19:28,更新済み,2026-07-16T12:28:51
0VtdQApod_c,『リードα物理基礎・物理』10章_応用問題208,水平投射のだ円軌道と宇宙速度を比較する｜リードα 第10章 応用問題208【高校物理】,5,59,更新済み,2026-07-15T11:19:30,更新済み,2026-07-16T12:28:55
etF3aRRXZ0Q,『リードα物理基礎・物理』11章_基本例題41,湯と水と金属球を混ぜ熱容量と比熱を求める｜リードα 第11章 基本例題41【高校物理】,5,60,更新済み,2026-07-15T11:19:33,更新済み,2026-07-16T12:28:59
JaCm-fJrjOY,『リードα物理基礎・物理』11章_応用問題231,熱機関の熱効率が1未満であることを証明する｜リードα 第11章 応用問題231【高校物理】,5,61,更新済み,2026-07-15T11:19:34,更新済み,2026-07-16T12:29:03
SZtJFaQFFw0,『リードα物理基礎・物理』14章_基礎CHECK,第14章 基礎CHECK 総まとめ｜リードα【高校物理】,5,62,更新済み,2026-07-15T11:19:35,更新済み,2026-07-16T12:29:07
UXSDrSNQ83I,『リードα物理基礎・物理』17章_基本問題302,弦の定在波の腹の数から波長と速さを求める｜リードα 第17章 基本問題302【高校物理】,5,63,更新済み,2026-07-15T11:19:37,更新済み,2026-07-16T12:29:11
gJmJLotln4E,『リードα物理基礎・物理』18章_基本問題319,すれ違う2電車の前後の観測振動数を求める｜リードα 第18章 基本問題319【高校物理】,5,64,更新済み,2026-07-15T11:19:38,更新済み,2026-07-16T12:29:15
ou8uCBLBGWs,『リードα物理基礎・物理』18章_基礎CHECK,第18章 基礎CHECK 総まとめ｜リードα【高校物理】,5,65,更新済み,2026-07-15T11:19:40,更新済み,2026-07-16T12:29:18
xzkwHTbJ4iE,『リードα物理基礎・物理』19章_応用問題342,カメラレンズの物体距離と受光面距離の関係を求める｜リードα 第19章 応用問題342【高校物理】,5,66,更新済み,2026-07-15T11:19:41,更新済み,2026-07-16T12:29:22
Me41rr4UxcI,『リードα物理基礎・物理』25章_応用問題441,磁場境界を出入りする粒子の滞在時間を求める｜リードα 第25章 応用問題441【高校物理】,5,67,更新済み,2026-07-15T11:19:43,更新済み,2026-07-16T12:29:26
FdCGwXNEcM0,『リードα物理基礎・物理』6章_基本問題107,斜め上向きの力・重力・垂直抗力の仕事を求める｜リードα 第6章 基本問題107【高校物理】,6,68,更新済み,2026-07-15T11:19:44,更新済み,2026-07-16T12:29:31
jEqVBpTBBXg,『リードα物理基礎・物理』6章_基本問題114,等速運動に仕事を加えた後の速さを求める｜リードα 第6章 基本問題114【高校物理】,6,69,更新済み,2026-07-15T11:19:46,更新済み,2026-07-16T12:29:34
5rM0xux1fN8,『リードα物理基礎・物理』6章_基本問題120,振り子から水平投射する小球の飛距離を求める｜リードα 第6章 基本問題120【高校物理】,6,70,更新済み,2026-07-15T11:19:47,更新済み,2026-07-16T12:29:39
vkOnn-_o410,『リードα物理基礎・物理』9章_応用問題189,液体に浮かぶ円柱の単振動の周期を求める｜リードα 第9章 応用問題189【高校物理】,6,71,更新済み,2026-07-15T11:19:48,更新済み,2026-07-16T12:29:43
C26EEaaHmb4,『リードα物理基礎・物理』10章_応用問題209,円運動する惑星のケプラー第三法則を導く｜リードα 第10章 応用問題209【高校物理】,6,72,更新済み,2026-07-15T11:19:50,更新済み,2026-07-16T12:29:47
ir8GwItdhN0,『リードα物理基礎・物理』11章_応用問題228,ヒーターとステンレス球の実験で比熱を求める｜リードα 第11章 応用問題228【高校物理】,6,73,更新済み,2026-07-15T11:19:52,更新済み,2026-07-16T12:29:51
hurqgXvIipg,『リードα物理基礎・物理』14章_基本例題49,波形図から波長・速さと速度0の位置を求める｜リードα 第14章 基本例題49【高校物理】,6,74,更新済み,2026-07-15T11:19:53,更新済み,2026-07-16T12:29:55
jS2r_mcKC6s,『リードα物理基礎・物理』14章_基本例題51,縦波の横波表示から密・疎の点を判別する｜リードα 第14章 基本例題51【高校物理】,6,75,更新済み,2026-07-15T11:19:54,更新済み,2026-07-16T12:29:58
udUevmI1j0g,『リードα物理基礎・物理』14章_基本問題271,縦波を90°回転させ横波表示に変換する｜リードα 第14章 基本問題271【高校物理】,6,76,更新済み,2026-07-15T11:19:56,更新済み,2026-07-16T12:30:02
sNnupDjj0sc,『リードα物理基礎・物理』14章_基本問題273,2つの進行波の合成波形から節を求める｜リードα 第14章 基本問題273【高校物理】,6,77,更新済み,2026-07-15T11:19:57,更新済み,2026-07-16T12:30:07
e_BeOhlu0Bw,『リードα物理基礎・物理』14章_応用問題278,船と波の相対運動から波の速さを導出する｜リードα 第14章 応用問題278【高校物理】,6,78,更新済み,2026-07-15T11:19:59,更新済み,2026-07-16T12:30:11
GmCb0QcX9Mk,『リードα物理基礎・物理』15章_基礎CHECK,第15章 基礎CHECK 総まとめ｜リードα【高校物理】,6,79,更新済み,2026-07-15T11:20:01,更新済み,2026-07-16T12:30:15
f96dCoW5WuU,『リードα物理基礎・物理』17章_基本問題308,気柱共鳴実験から波長と音速を求める｜リードα 第17章 基本問題308【高校物理】,6,80,更新済み,2026-07-15T11:20:02,更新済み,2026-07-16T12:30:20
ojtWDx3Gejo,『リードα物理基礎・物理』6章_基本例題24,動摩擦力の仕事から静止までの距離を求める｜リードα 第6章 基本例題24【高校物理】,7,81,更新済み,2026-07-15T11:20:04,更新済み,2026-07-16T12:30:24
qA6dSOW5zD0,『リードα物理基礎・物理』6章_基本例題27,滑車でつながれた2小球の衝突直前の速さを求める｜リードα 第6章 基本例題27【高校物理】,7,82,更新済み,2026-07-15T11:20:05,更新済み,2026-07-16T12:30:29
qTG_PuEhuuM,『リードα物理基礎・物理』10章_基本問題196,ケプラーの法則で面積速度と周期を解く｜リードα 第10章 基本問題196【高校物理】,7,83,更新済み,2026-07-15T11:20:07,更新済み,2026-07-16T12:30:33
x803UmYtfn0,『リードα物理基礎・物理』11章_応用問題227,線膨張率の違う定規とレールの長さを求める｜リードα 第11章 応用問題227【高校物理】,7,84,更新済み,2026-07-15T11:20:09,更新済み,2026-07-16T12:30:38
XMdITGWhCpk,『リードα物理基礎・物理』12章_基本例題43,ピストン内の気体を加熱した体積増加を求める｜リードα 第12章 基本例題43【高校物理】,7,85,更新済み,2026-07-15T11:20:11,更新済み,2026-07-16T12:30:42
A6bglS3sT-Y,『リードα物理基礎・物理』14章_基本問題272,縦波の横波表示で密・疎と速度の点を求める｜リードα 第14章 基本問題272【高校物理】,7,86,更新済み,2026-07-15T11:20:12,更新済み,2026-07-16T12:30:46
4veNj1lprM4,『リードα物理基礎・物理』17章_応用問題312,弦とおんさのうなりが消える弦長を求める｜リードα 第17章 応用問題312【高校物理】,7,87,更新済み,2026-07-15T11:20:14,更新済み,2026-07-16T12:30:51
jGh0ukCcBCc,『リードα物理基礎・物理』18章_基本問題318,電車接近時と離脱時の振動数から速さを求める｜リードα 第18章 基本問題318【高校物理】,7,88,更新済み,2026-07-15T11:20:16,更新済み,2026-07-16T12:30:55
uAu_5FMVNJ4,『リードα物理基礎・物理』19章_応用問題343,容器内光源の見かけの深さから液体の屈折率を求める｜リードα 第19章 応用問題343【高校物理】,7,89,更新済み,2026-07-15T11:20:17,更新済み,2026-07-16T12:30:59
cvEc5Xvdw9o,『リードα物理基礎・物理』23章_応用問題404,電流-電圧グラフから2本の導線の抵抗率を比較する｜リードα 第23章 応用問題404【高校物理】,7,90,更新済み,2026-07-15T11:20:19,更新済み,2026-07-16T12:31:05
F0KwlDTXuNo,『リードα物理基礎・物理』6章_基本問題110,空所補充で車の抵抗力と仕事率を求める｜リードα 第6章 基本問題110【高校物理】,8,91,更新済み,2026-07-15T11:20:20,更新済み,2026-07-16T12:31:09
oEs5sFMn_zk,『リードα物理基礎・物理』6章_基本問題115,F-xグラフから区間ごとの仕事と速さを求める｜リードα 第6章 基本問題115【高校物理】,8,92,更新済み,2026-07-15T11:20:22,更新済み,2026-07-16T12:31:13
VuHtOHdoidg,『リードα物理基礎・物理』6章_基本問題117,曲面をのぼる小球の最高点の高さを求める｜リードα 第6章 基本問題117【高校物理】,8,93,更新済み,2026-07-15T11:20:23,更新済み,2026-07-16T12:31:16
GW7CWUfE9ZY,『リードα物理基礎・物理』6章_基本問題121,ばねを放した物体が縮んだときの速さを求める｜リードα 第6章 基本問題121【高校物理】,8,94,更新済み,2026-07-15T11:20:25,更新済み,2026-07-16T12:31:20
v-s6JmxR0k4,『リードα物理基礎・物理』10章_基本問題198,地球と月の質量比から月面重力を求める｜リードα 第10章 基本問題198【高校物理】,8,95,更新済み,2026-07-15T11:20:27,更新済み,2026-07-16T12:31:25
8WFCyoHIV9U,『リードα物理基礎・物理』12章_基本問題232,注射器のピストンを押した気体の圧力を求める｜リードα 第12章 基本問題232【高校物理】,8,96,更新済み,2026-07-15T11:20:29,更新済み,2026-07-16T12:31:28
E_sS_STQSoI,『リードα物理基礎・物理』12章_基本問題237,ボイル・シャルルの法則で変化後の体積を求める｜リードα 第12章 基本問題237【高校物理】,8,97,更新済み,2026-07-15T11:20:30,更新済み,2026-07-16T12:31:33
b-DRbmoUPTk,『リードα物理基礎・物理』12章_基礎CHECK,第12章 基礎CHECK 総まとめ｜リードα【高校物理】,8,98,更新済み,2026-07-15T11:20:33,更新済み,2026-07-16T12:31:37
zwoWRMbmEZw,『リードα物理基礎・物理』13章_応用問題260,断熱膨張と等温膨張の仕事と熱量を求める｜リードα 第13章 応用問題260【高校物理】,8,99,更新済み,2026-07-15T11:20:34,更新済み,2026-07-16T12:31:42
PdEvlMNlkSQ,『リードα物理基礎・物理』13章_応用問題261,直線的なサイクルでの気体の最高温度を求める｜リードα 第13章 応用問題261【高校物理】,8,100,更新済み,2026-07-15T11:20:36,更新済み,2026-07-17T18:03:47
qWWXrp5LaS8,『リードα物理基礎・物理』13章_応用問題262,p-V図から状態変化のV-Tグラフを求める｜リードα 第13章 応用問題262【高校物理】,8,101,更新済み,2026-07-15T11:20:37,更新済み,2026-07-16T12:31:47
pihaiqO5jrg,『リードα物理基礎・物理』14章_基本問題275,三角波の自由端・固定端反射を作図する｜リードα 第14章 基本問題275【高校物理】,8,102,更新済み,2026-07-15T11:20:39,更新済み,2026-07-16T12:31:51
Qr4jTe2Jnw8,『リードα物理基礎・物理』14章_基本問題277,固定端反射で生じる定在波の節を求める｜リードα 第14章 基本問題277【高校物理】,8,103,更新済み,2026-07-15T11:20:40,更新済み,2026-07-17T18:03:59
P2JKKCZqvEM,『リードα物理基礎・物理』15章_基本例題54,y-t図から伝搬遅れを考慮した変位式を導く｜リードα 第15章 基本例題54【高校物理】,8,104,更新済み,2026-07-15T11:20:42,更新済み,2026-07-17T18:04:05
CKUjqS8LZ8w,『リードα物理基礎・物理』18章_基本例題61,壁に近づくおんさの直接音と反射音の振動数を求める｜リードα 第18章 基本例題61【高校物理】,8,105,更新済み,2026-07-15T11:20:43,更新済み,2026-07-17T18:04:10
DTRlCsPlRqw,『リードα物理基礎・物理』19章_基本問題336,空所補充で凸レンズ・凹レンズの像と倍率を求める｜リードα 第19章 基本問題336【高校物理】,8,106,更新済み,2026-07-15T11:20:45,更新済み,2026-07-17T18:04:14
ueTdITUtMLY,『リードα物理基礎・物理』19章_応用問題340,円柱状ガラス棒内での屈折角と全反射の入射角を求める｜リードα 第19章 応用問題340【高校物理】,8,107,更新済み,2026-07-15T11:20:47,更新済み,2026-07-17T18:04:21
L-UaZN1VG0o,『リードα物理基礎・物理』6章_基本例題28,ばねから離れた物体の速さと移動距離を求める｜リードα 第6章 基本例題28【高校物理】,9,108,更新済み,2026-07-15T11:20:48,更新済み,2026-07-17T18:04:27
Kn8jDoofjno,『リードα物理基礎・物理』6章_基本問題109,リフトが荷物を持ち上げる仕事率を求める｜リードα 第6章 基本問題109【高校物理】,9,109,更新済み,2026-07-15T11:20:49,更新済み,2026-07-17T18:04:31
GEuhlrkpevM,『リードα物理基礎・物理』6章_基本問題124,台を急に外す場合とゆっくり外す場合を比べる｜リードα 第6章 基本問題124【高校物理】,9,110,更新済み,2026-07-15T11:20:51,更新済み,2026-07-17T18:04:36
6NyMcD9xiVI,『リードα物理基礎・物理』9章_基本問題176,円運動の正射影である単振動を空所補充で表す｜リードα 第9章 基本問題176【高校物理】,9,111,更新済み,2026-07-15T11:20:53,更新済み,2026-07-17T18:04:42
lKj5Bxdq8yk,『リードα物理基礎・物理』9章_基本問題178,変位と加速度の関係から角振動数を求める｜リードα 第9章 基本問題178【高校物理】,9,112,更新済み,2026-07-15T11:20:54,更新済み,2026-07-17T18:04:47
7yKuRgo6ZQA,『リードα物理基礎・物理』10章_基本問題202,静止衛星になる高さの条件を求める｜リードα 第10章 基本問題202【高校物理】,9,113,更新済み,2026-07-15T11:20:56,更新済み,2026-07-17T18:04:52
sCWcBsp4T-0,『リードα物理基礎・物理』15章_基本例題53,正弦波の式から特定点の変位を計算する｜リードα 第15章 基本例題53【高校物理】,9,114,更新済み,2026-07-15T11:20:57,更新済み,2026-07-17T18:04:57
HBM-QzowotI,『リードα物理基礎・物理』17章_応用問題310,2音源の位相関係から極小点の位置を求める｜リードα 第17章 応用問題310【高校物理】,9,115,更新済み,2026-07-15T11:20:58,更新済み,2026-07-17T18:05:02
fR-R6hDS918,『リードα物理基礎・物理』18章_基本例題60,パトカーが追い越す前後の振動数の変化を求める｜リードα 第18章 基本例題60【高校物理】,9,116,更新済み,2026-07-15T11:21:00,更新済み,2026-07-17T18:05:08
nAhHPAoVo6A,『リードα物理基礎・物理』18章_基本問題323,円運動する音源の振動数の最大値と最小値を求める｜リードα 第18章 基本問題323【高校物理】,9,117,更新済み,2026-07-15T11:21:01,更新済み,2026-07-17T18:05:14
K_Gxaa8fZqM,『リードα物理基礎・物理』7章_基本問題139,平面上で衝突する2小球の速度を求める｜リードα 第7章 基本問題139【高校物理】,10,118,更新済み,2026-07-15T11:21:03,更新済み,2026-07-17T18:05:18
fXYowPjbIso,『リードα物理基礎・物理』9章_応用問題188,加速する列車内で振り子の傾き角を求める｜リードα 第9章 応用問題188【高校物理】,10,119,更新済み,2026-07-15T11:21:05,更新済み,2026-07-17T18:05:23
I8l4Y_Qwgvw,『リードα物理基礎・物理』10章_基本例題40,鉛直投射から脱出速度の条件を導く｜リードα 第10章 基本例題40【高校物理】,10,120,更新済み,2026-07-15T11:21:06,更新済み,2026-07-17T18:05:28
rZLH-OaRKC4,『リードα物理基礎・物理』10章_基本問題199,高度による重力加速度の変化をグラフ化する｜リードα 第10章 基本問題199【高校物理】,10,121,更新済み,2026-07-15T11:21:08,更新済み,2026-07-17T18:05:33
vpGRZTCKlos,『リードα物理基礎・物理』12章_基本問題235,シャルルの法則で温度変化後の体積を求める｜リードα 第12章 基本問題235【高校物理】,10,122,更新済み,2026-07-15T11:21:10,更新済み,2026-07-17T18:05:38
UO-tjs2ZrSs,『リードα物理基礎・物理』12章_応用問題241,シリンダーを倒したピストン位置と温度を求める｜リードα 第12章 応用問題241【高校物理】,10,123,更新済み,2026-07-15T11:21:11,更新済み,2026-07-17T18:05:44
Nxk_TrbYSEY,『リードα物理基礎・物理』14章_基本問題276,正弦波の自由端・固定端反射を作図する｜リードα 第14章 基本問題276【高校物理】,10,124,更新済み,2026-07-15T11:21:13,更新済み,2026-07-17T18:05:48
xHSe5jTDlEk,『リードα物理基礎・物理』16章_基本問題287,距離差から干渉点の強弱を判定する｜リードα 第16章 基本問題287【高校物理】,10,125,更新済み,2026-07-15T11:21:14,更新済み,2026-07-17T18:05:53
ootUNyvAEAw,『リードα物理基礎・物理』19章_基本問題326,太陽から地球に届く光の所要時間を求める｜リードα 第19章 基本問題326【高校物理】,10,126,更新済み,2026-07-15T11:21:16,更新済み,2026-07-17T18:05:58
AB4AFPw8frE,『リードα物理基礎・物理』19章_応用問題341,プリズムの最小偏角から屈折率を求める｜リードα 第19章 応用問題341【高校物理】,10,127,更新済み,2026-07-15T11:21:17,更新済み,2026-07-17T18:06:03
Ud7YKu3HIBI,『リードα物理基礎・物理』9章_基本問題177,変位の式から速度と加速度の最大値を求める｜リードα 第9章 基本問題177【高校物理】,11,128,更新済み,2026-07-15T11:21:18,更新済み,2026-07-17T18:06:08
T8UzBUpvX0k,『リードα物理基礎・物理』9章_基本問題179,往復する小球の変位のグラフと式を求める｜リードα 第9章 基本問題179【高校物理】,11,129,更新済み,2026-07-15T11:21:20,更新済み,2026-07-17T18:06:13
MxD-X6S6ktQ,『リードα物理基礎・物理』9章_基本問題183,斜面上のばねが最大に伸びる時間を求める｜リードα 第9章 基本問題183【高校物理】,11,130,更新済み,2026-07-15T11:21:21,更新済み,2026-07-17T18:06:18
IGE9qd55XPU,『リードα物理基礎・物理』9章_基本問題184,おもりをつるす3通りの方法で振幅を求める｜リードα 第9章 基本問題184【高校物理】,11,131,更新済み,2026-07-15T11:21:23,更新済み,2026-07-17T18:06:23
r-OeHV03lDc,『リードα物理基礎・物理』10章_基本例題39,地表すれすれと高度Rの衛星の速さの比を求める｜リードα 第10章 基本例題39【高校物理】,11,132,更新済み,2026-07-15T11:21:24,更新済み,2026-07-17T18:06:27
3oDjgLtmgzw,『リードα物理基礎・物理』10章_基本問題200,自転を考慮し北極と赤道の重力を比べる｜リードα 第10章 基本問題200【高校物理】,11,133,更新済み,2026-07-15T11:21:26,更新済み,2026-07-17T18:06:32
VCDZNTWdPQY,『リードα物理基礎・物理』12章_応用問題243,仕切られた容器内気体の圧力のつりあいを解く｜リードα 第12章 応用問題243【高校物理】,11,134,更新済み,2026-07-15T11:21:28,更新済み,2026-07-17T18:06:37
6y-ONR8Cg-U,『リードα物理基礎・物理』14章_応用問題280,自由端・固定端反射で節の個数を求める｜リードα 第14章 応用問題280【高校物理】,11,135,更新済み,2026-07-15T11:21:29,更新済み,2026-07-17T18:06:42
N0Z915r5puk,『リードα物理基礎・物理』16章_基礎CHECK,第16章 基礎CHECK 総まとめ｜リードα【高校物理】,11,136,更新済み,2026-07-15T11:21:31,更新済み,2026-07-17T18:06:47
Pm94hTwmm6Y,『リードα物理基礎・物理』17章_応用問題315,ピストン位置の比から波長の式を導く｜リードα 第17章 応用問題315【高校物理】,11,137,更新済み,2026-07-15T11:21:32,更新済み,2026-07-17T18:06:51
FZIKDSwuqqM,『リードα物理基礎・物理』18章_基本例題59,接近する音源前方の波長と振動数を求める｜リードα 第18章 基本例題59【高校物理】,11,138,更新済み,2026-07-15T11:21:34,更新済み,2026-07-17T18:06:56
7nkL5KcVqG0,『リードα物理基礎・物理』19章_基本例題63,凸レンズの下半分を覆うと像はどう変わるか考察する｜リードα 第19章 基本例題63【高校物理】,11,139,更新済み,2026-07-15T11:21:36,更新済み,2026-07-17T18:07:01
dG1cGhKlclg,『リードα物理基礎・物理』20章_応用問題353,傾けて入射した回折格子の明線の方向を求める｜リードα 第20章 応用問題353【高校物理】,11,140,更新済み,2026-07-15T11:21:37,更新済み,2026-07-17T18:07:07
J-hWXdkU0B0,『リードα物理基礎・物理』23章_基本問題400,電熱線に電圧を加えたときのジュール熱を求める｜リードα 第23章 基本問題400【高校物理】,11,141,更新済み,2026-07-15T11:21:38,更新済み,2026-07-17T18:07:12
U0EdO8fZWG8,『リードα物理基礎・物理』25章_応用問題443,半導体を流れる電子のホール効果の電位差を求める｜リードα 第25章 応用問題443【高校物理】,11,142,更新済み,2026-07-15T11:21:40,更新済み,2026-07-17T18:07:17
wnbZcD38ybk,『リードα物理基礎・物理』27章_応用問題474,LC振動とばね振動の対応を空所補充で整理する｜リードα 第27章 応用問題474【高校物理】,11,143,更新済み,2026-07-15T11:21:41,更新済み,2026-07-17T18:07:22
Sg8TF1RLXjg,『リードα物理基礎・物理』4章_基本問題66,地球上と月面上での物体の重さを求める｜リードα 第4章 基本問題66【高校物理】,12,144,更新済み,2026-07-15T11:21:43,更新済み,2026-07-17T18:07:26
p3XUS79WHGw,『リードα物理基礎・物理』6章_基本問題112,なめらかな曲面で面と重力がする仕事を求める｜リードα 第6章 基本問題112【高校物理】,12,145,更新済み,2026-07-15T11:21:45,更新済み,2026-07-17T18:07:30
DFRc-I7N5Tc,『リードα物理基礎・物理』9章_基礎CHECK,第9章 基礎CHECK 総まとめ｜リードα【高校物理】,12,146,更新済み,2026-07-15T11:21:46,更新済み,2026-07-17T18:07:36
BNAiWzIymSc,『リードα物理基礎・物理』9章_応用問題191,糸でつながれた2つのおもりの周期を求める｜リードα 第9章 応用問題191【高校物理】,12,147,更新済み,2026-07-15T11:21:48,更新済み,2026-07-17T18:07:41
fvkxvpviiZM,『リードα物理基礎・物理』10章_基本問題201,運動方程式から月のケプラー第三法則を導く｜リードα 第10章 基本問題201【高校物理】,12,148,更新済み,2026-07-15T11:21:49,更新済み,2026-07-17T18:07:45
WyNFQ3sNN08,『リードα物理基礎・物理』10章_基本問題203,円軌道上の人工衛星の速さとエネルギーを文字式で表す｜リードα 第10章 基本問題203【高校物理】,12,149,更新済み,2026-07-15T11:21:51,更新済み,2026-07-17T18:07:51
T3qYVUKhc0Y,『リードα物理基礎・物理』11章_応用問題230,滝の落水エネルギーから発電出力を求める｜リードα 第11章 応用問題230【高校物理】,12,150,更新済み,2026-07-15T11:21:52,更新済み,2026-07-17T18:07:55
ssy_41uh_Xc,『リードα物理基礎・物理』12章_基本問題233,ボイルの法則で圧力変化後の体積を求める｜リードα 第12章 基本問題233【高校物理】,12,151,更新済み,2026-07-15T11:21:54,更新済み,2026-07-17T18:08:01
dEmyur62aeI,『リードα物理基礎・物理』12章_応用問題244,熱気球内の空気温度を浮力のつりあいから求める｜リードα 第12章 応用問題244【高校物理】,12,152,更新済み,2026-07-15T11:21:55,更新済み,2026-07-17T18:08:07
nfGSu3r_5NE,『リードα物理基礎・物理』13章_基本問題256,p-V図とV-T図から3過程の吸収熱量を比べる｜リードα 第13章 基本問題256【高校物理】,12,153,更新済み,2026-07-15T11:21:57,更新済み,2026-07-17T18:08:12
gFSLvanfTTg,『リードα物理基礎・物理』14章_基本問題274,定在波の腹の振動数と節の間隔を求める｜リードα 第14章 基本問題274【高校物理】,12,154,更新済み,2026-07-15T11:21:58,更新済み,2026-07-17T18:08:17
e1bBJ4DsGLU,『リードα物理基礎・物理』17章_基本問題304,おんさと弦の共振で腹の数の変化を求める｜リードα 第17章 基本問題304【高校物理】,12,155,更新済み,2026-07-15T11:22:00,更新済み,2026-07-17T18:08:23
ALi_esqUaZ8,『リードα物理基礎・物理』17章_応用問題313,弦の張力と線密度から波の速さを導き出す｜リードα 第17章 応用問題313【高校物理】,12,156,更新済み,2026-07-15T11:22:01,更新済み,2026-07-17T18:08:27
CzCO_fUQ0qM,『リードα物理基礎・物理』19章_基本問題337,スクリーンに鮮明な像を結ぶレンズの2位置を求める｜リードα 第19章 基本問題337【高校物理】,12,157,更新済み,2026-07-15T11:22:03,更新済み,2026-07-17T18:08:32
w-NeDRZIXts,『リードα物理基礎・物理』20章_基本例題66,空所補充で回折格子の明線条件からみぞの本数を求める｜リードα 第20章 基本例題66【高校物理】,12,158,更新済み,2026-07-15T11:22:05,更新済み,2026-07-17T18:08:38
QEeQZz7B9U4,『リードα物理基礎・物理』23章_基本例題76,グラフから抵抗値を読み取り合成抵抗と電流を求める｜リードα 第23章 基本例題76【高校物理】,12,159,更新済み,2026-07-15T11:22:06,更新済み,2026-07-17T18:08:43
SRlMe3-spb4,『リードα物理基礎・物理』25章_応用問題439,直線電流が正方形コイルに及ぼす力を合成する｜リードα 第25章 応用問題439【高校物理】,12,160,更新済み,2026-07-15T11:22:08,更新済み,2026-07-17T18:08:48
26xUDDeJRYo,『リードα物理基礎・物理』25章_応用問題440,サイクロトロンで加速される粒子の軌道半径を求める｜リードα 第25章 応用問題440【高校物理】,12,161,更新済み,2026-07-15T11:22:09,更新済み,2026-07-17T18:08:55
cB_2j8ykKoU,『リードα物理基礎・物理』4章_基本問題67,逆向きの2力を受ける物体の加速度を求める｜リードα 第4章 基本問題67【高校物理】,13,162,更新済み,2026-07-15T11:22:11,更新済み,2026-07-17T18:09:03
TNVmUuxyuqE,『リードα物理基礎・物理』6章_応用問題125,変化する斜め方向の力がした仕事を求める｜リードα 第6章 応用問題125【高校物理】,13,163,更新済み,2026-07-15T11:22:12,更新済み,2026-07-17T18:09:10
0VCiDHmqGOM,『リードα物理基礎・物理』6章_応用問題127,動滑車で物体を引き下げる距離と仕事を求める｜リードα 第6章 応用問題127【高校物理】,13,164,更新済み,2026-07-15T11:22:14,更新済み,2026-07-17T18:09:18
3YqjhxNK4UE,『リードα物理基礎・物理』8章_基本例題33,糸につけた物体の等速円運動の張力を求める｜リードα 第8章 基本例題33【高校物理】,13,165,更新済み,2026-07-15T11:22:15,更新済み,2026-07-17T18:09:25
k07y6GqhER4,『リードα物理基礎・物理』9章_基本問題181,2本のばねにつながれた物体の周期を求める｜リードα 第9章 基本問題181【高校物理】,13,166,更新済み,2026-07-15T11:22:17,更新済み,2026-07-17T18:09:29
brTH0bTt8B8,『リードα物理基礎・物理』10章_基本問題204,地表すれすれを回る人工衛星の速さと脱出エネルギーを求める｜リードα 第10章 基本問題204【高校物理】,13,167,更新済み,2026-07-15T11:22:18,更新済み,2026-07-17T18:09:36
LwzW2QuNnC0,『リードα物理基礎・物理』11章_応用問題229,氷から水への変化グラフから熱量を求める｜リードα 第11章 応用問題229【高校物理】,13,168,更新済み,2026-07-15T11:22:20,更新済み,2026-07-17T18:09:41
yf4yRX1QXFc,『リードα物理基礎・物理』12章_基本問題234,湖に沈めたコップ内の空気の体積変化を求める｜リードα 第12章 基本問題234【高校物理】,13,169,更新済み,2026-07-15T11:22:21,更新済み,2026-07-17T18:09:46
fweocPaeIv4,『リードα物理基礎・物理』12章_基本問題240,連結容器間で移動した気体の物質量を求める｜リードα 第12章 基本問題240【高校物理】,13,170,更新済み,2026-07-15T11:22:22,更新済み,2026-07-17T18:09:50
cWIPUz2PsLk,『リードα物理基礎・物理』19章_基本問題330,媒質から空気への屈折角と全反射の臨界角を求める｜リードα 第19章 基本問題330【高校物理】,13,171,更新済み,2026-07-15T11:22:24,更新済み,2026-07-17T18:09:55
DTflmbqmKPk,『リードα物理基礎・物理』23章_基礎CHECK,第23章 基礎CHECK 総まとめ｜リードα【高校物理】,13,172,更新済み,2026-07-15T11:22:25,更新済み,2026-07-17T18:09:59
cAwK8YgurDo,『リードα物理基礎・物理』7章_基本問題140,落下球がはね上がる高さから反発係数を求める｜リードα 第7章 基本問題140【高校物理】,14,173,更新済み,2026-07-15T11:22:27,更新済み,2026-07-17T18:10:04
XgSxdKYaNMU,『リードα物理基礎・物理』7章_基本問題145,壁に斜めに衝突する小球の到達時間を求める｜リードα 第7章 基本問題145【高校物理】,14,174,更新済み,2026-07-15T11:22:28,更新済み,2026-07-17T18:10:08
OxVc9iLED6s,『リードα物理基礎・物理』9章_応用問題192,ばねでつながれた2物体の重心の速さを求める｜リードα 第9章 応用問題192【高校物理】,14,175,更新済み,2026-07-15T11:22:30,更新済み,2026-07-17T18:10:13
hyzFFc5kcC8,『リードα物理基礎・物理』10章_基礎CHECK,第10章 基礎CHECK 総まとめ｜リードα【高校物理】,14,176,更新済み,2026-07-15T11:22:32,更新済み,2026-07-17T18:10:18
Qm0t8EvucQA,『リードα物理基礎・物理』13章_基本問題257,サイクル過程での正味の仕事を正負判定で求める｜リードα 第13章 基本問題257【高校物理】,14,177,更新済み,2026-07-15T11:22:33,更新済み,2026-07-17T18:10:22
wZFdYw9HALY,『リードα物理基礎・物理』13章_応用問題265,断熱材で仕切られた2室間の気体の移動距離を求める｜リードα 第13章 応用問題265【高校物理】,14,178,更新済み,2026-07-15T11:22:35,更新済み,2026-07-17T18:10:26
91jawFlDizg,『リードα物理基礎・物理』16章_基本例題55,2波源の水面波干渉で節線を作図する｜リードα 第16章 基本例題55【高校物理】,14,179,更新済み,2026-07-15T11:22:37,更新済み,2026-07-17T18:10:32
Y52R2m3PJMc,『リードα物理基礎・物理』18章_基本問題321,風が吹く中で音源が遠ざかる場合の振動数を求める｜リードα 第18章 基本問題321【高校物理】,14,180,更新済み,2026-07-15T11:22:38,更新済み,2026-07-17T18:10:38
J8YbwEeqbMI,『リードα物理基礎・物理』19章_基本例題64,凹面鏡がつくる実像の位置と大きさの変化を求める｜リードα 第19章 基本例題64【高校物理】,14,181,更新済み,2026-07-15T11:22:40,更新済み,2026-07-17T18:10:42
1UukgTzNNiE,『リードα物理基礎・物理』19章_基本問題329,平面鏡を回転させた際の反射光のずれを求める｜リードα 第19章 基本問題329【高校物理】,14,182,更新済み,2026-07-15T11:22:41,更新済み,2026-07-17T18:10:47
SOupbYXG7BI,『リードα物理基礎・物理』2章_応用問題39,飛行機からの投下物資が45°で着地する初速を求める｜リードα 第2章 応用問題39【高校物理】,15,183,更新済み,2026-07-15T11:22:43,更新済み,2026-07-17T18:10:52
RFTGFVCKGSM,『リードα物理基礎・物理』3章_基本例題12,斜面上で静止するおもりのばねの伸びを求める｜リードα 第3章 基本例題12【高校物理】,15,184,更新済み,2026-07-15T11:22:44,更新済み,2026-07-17T18:10:57
5_UdqSlYPfM,『リードα物理基礎・物理』6章_基本問題116,自由落下する物体のエネルギー変化グラフを選ぶ｜リードα 第6章 基本問題116【高校物理】,15,185,更新済み,2026-07-15T11:22:46,更新済み,2026-07-17T18:11:01
7bSCzhj_ZVI,『リードα物理基礎・物理』6章_基本問題118,曲面をすべる小球の速さと最高点を求める｜リードα 第6章 基本問題118【高校物理】,15,186,更新済み,2026-07-15T11:22:48,更新済み,2026-07-17T18:11:06
dJRR8rWug_c,『リードα物理基礎・物理』6章_基礎チェック,第6章 基礎CHECK 総まとめ｜リードα【高校物理】,15,187,更新済み,2026-07-15T11:22:49,更新済み,2026-07-17T18:11:10
bAMc7iLM36o,『リードα物理基礎・物理』7章_基本例題29,受け止める・打ち返す動作の力積を求める｜リードα 第7章 基本例題29【高校物理】,15,188,更新済み,2026-07-15T11:22:51,更新済み,2026-07-17T18:11:15
x4NNC1D2E9Y,『リードα物理基礎・物理』8章_応用問題170,ばねの弾性力で円錐振り子が外れる角速度を求める｜リードα 第8章 応用問題170【高校物理】,15,189,更新済み,2026-07-15T11:22:52,更新済み,2026-07-17T18:11:20
4kc_ofAbgDw,『リードα物理基礎・物理』9章_基本問題185,ばねの直列・並列接続で周期を求める｜リードα 第9章 基本問題185【高校物理】,15,190,更新済み,2026-07-15T11:22:54,更新済み,2026-07-17T18:11:26
r24XRPkTBDo,『リードα物理基礎・物理』12章_基本問題238,おもりをのせたピストン内気体の高さを求める｜リードα 第12章 基本問題238【高校物理】,15,191,更新済み,2026-07-15T11:22:56,更新済み,2026-07-17T18:11:31
XECTP_Dsoxg,『リードα物理基礎・物理』13章_基礎CHECK,第13章 基礎CHECK 総まとめ｜リードα【高校物理】,15,192,更新済み,2026-07-15T11:22:57,更新済み,2026-07-17T18:11:36
v9LpTRPd1vE,『リードα物理基礎・物理』15章_基本問題281,正弦波の式から振幅・周期・波長を求める｜リードα 第15章 基本問題281【高校物理】,15,193,更新済み,2026-07-15T11:22:59,更新済み,2026-07-17T18:11:40
bxeNrJfYDGM,『リードα物理基礎・物理』15章_基本問題283,波形図と速さから正弦波の式をつくる｜リードα 第15章 基本問題283【高校物理】,15,194,更新済み,2026-07-15T11:23:01,更新済み,2026-07-17T18:11:45
NQ78GE-8r5E,『リードα物理基礎・物理』16章_基本問題289,屈折率から媒質中の波の速さを求める｜リードα 第16章 基本問題289【高校物理】,15,195,更新済み,2026-07-15T11:23:02,更新済み,2026-07-17T18:11:50
rUq-yqfjooU,『リードα物理基礎・物理』16章_基本問題290,境界面に届く波の数から屈折の法則を導く｜リードα 第16章 基本問題290【高校物理】,15,196,更新済み,2026-07-16T22:23:14,更新済み,2026-07-17T18:11:56
vrYPRldWjzs,『リードα物理基礎・物理』17章_応用問題314,気柱共鳴実験の空所補充で音速を求める｜リードα 第17章 応用問題314【高校物理】,15,197,更新済み,2026-07-16T22:23:40,更新済み,2026-07-17T18:12:01
pxyrTyeQfxk,『リードα物理基礎・物理』18章_応用問題324,観測者や反射板が動く場合のうなりの周期を求める｜リードα 第18章 応用問題324【高校物理】,15,198,更新済み,2026-07-16T22:23:41,更新済み,2026-07-17T18:12:05
qo1vC31JXKc,『リードα物理基礎・物理』19章_基礎CHECK,第19章 基礎CHECK 総まとめ｜リードα【高校物理】,15,199,更新済み,2026-07-16T22:23:43,更新済み,2026-07-17T18:12:10
WcRQVI0oDyU,『リードα物理基礎・物理』27章_応用問題473,LC回路のスイッチ切替後の振動電流を求める｜リードα 第27章 応用問題473【高校物理】,15,200,更新済み,2026-07-16T22:23:44,更新済み,2026-07-17T18:12:15
r2-hCX9fph8,『リードα物理基礎・物理』2章_基本問題33,水平投射で2倍先に届く初速度の倍率を求める｜リードα 第2章 基本問題33【高校物理】,16,201,更新済み,2026-07-16T22:23:46,更新済み,2026-07-17T18:12:19
rIjeqzJ5el8,『リードα物理基礎・物理』3章_基本問題48,水平床上の物体が受ける垂直抗力を求める｜リードα 第3章 基本問題48【高校物理】,16,202,更新済み,2026-07-16T22:23:47,更新済み,2026-07-17T18:12:24
Rl-B5KmZ4sU,『リードα物理基礎・物理』8章_基本問題155,ばねにつけた小球が回る向心力とばね定数を求める｜リードα 第8章 基本問題155【高校物理】,16,203,更新済み,2026-07-16T22:23:49,更新済み,2026-07-17T18:13:29
n9vRuwc_rFk,『リードα物理基礎・物理』9章_基本問題180,ばねを伸ばして放した小球の振幅と周期を求める｜リードα 第9章 基本問題180【高校物理】,16,204,更新済み,2026-07-16T22:23:50,更新済み,2026-07-18T22:06:17
eRIUtan8HM4,『リードα物理基礎・物理』9章_応用問題194,重ねた2物体が一体で動く摩擦係数を求める｜リードα 第9章 応用問題194【高校物理】,16,205,更新済み,2026-07-16T22:23:52,更新済み,2026-07-18T22:06:41
sHLzrWc3T5Y,『リードα物理基礎・物理』10章_基本問題205,円軌道からだ円軌道に移る人工衛星の速さと周期を求める｜リードα 第10章 基本問題205【高校物理】,16,206,更新済み,2026-07-16T22:23:54,更新済み,2026-07-18T22:06:46
HxEuZDNaqU8,『リードα物理基礎・物理』12章_基本問題236,フラスコ加熱で水銀滴の移動から体積変化を求める｜リードα 第12章 基本問題236【高校物理】,16,207,更新済み,2026-07-16T22:23:55,更新済み,2026-07-18T22:06:51
fXBTtc9QMEs,『リードα物理基礎・物理』13章_基本例題46,定圧変化での内部エネルギーと仕事を求める｜リードα 第13章 基本例題46【高校物理】,16,208,更新済み,2026-07-16T22:23:57,更新済み,2026-07-18T22:06:56
z17dFfEc2eg,『リードα物理基礎・物理』13章_基本問題245,気体分子1個の平均運動エネルギーを求める｜リードα 第13章 基本問題245【高校物理】,16,209,更新済み,2026-07-16T22:23:58,更新済み,2026-07-18T22:07:01
hLN-xufFrfQ,『リードα物理基礎・物理』13章_基本問題253,上ぶたピストンの気体を加熱した熱量を求める｜リードα 第13章 基本問題253【高校物理】,16,210,更新済み,2026-07-16T22:24:00,更新済み,2026-07-18T22:07:06
l63PsZdIDEY,『リードα物理基礎・物理』14章_応用問題279,縦波の波形から密になる位置と時刻を求める｜リードα 第14章 応用問題279【高校物理】,16,211,更新済み,2026-07-16T22:24:02,更新済み,2026-07-18T22:07:10
cf2oiS_NQDU,『リードα物理基礎・物理』15章_基本問題284,y-t図からy-x図を作図し変位式をつくる｜リードα 第15章 基本問題284【高校物理】,16,212,更新済み,2026-07-16T22:24:03,更新済み,2026-07-18T22:07:14
WLFpHb_BkRQ,『リードα物理基礎・物理』16章_基本例題56,屈折率から屈折波の速さと波長を求める｜リードα 第16章 基本例題56【高校物理】,16,213,更新済み,2026-07-16T22:24:05,更新済み,2026-07-18T22:07:19
WetwKrGtvV8,『リードα物理基礎・物理』19章_基本問題328,真空中とガラス中での光波の波長の関係を求める｜リードα 第19章 基本問題328【高校物理】,16,214,更新済み,2026-07-16T22:24:06,更新済み,2026-07-18T22:07:24
7U8E1L8guI0,『リードα物理基礎・物理』26章_応用問題456,斜面を滑る導体棒が一定速度になる条件を求める｜リードα 第26章 応用問題456【高校物理】,16,215,更新済み,2026-07-16T22:24:08,更新済み,2026-07-18T22:07:29
GLb6N2bL98E,『リードα物理基礎・物理』27章_応用問題472,RLC並列回路で電流が最小になる周波数を求める｜リードα 第27章 応用問題472【高校物理】,16,216,更新済み,2026-07-16T22:24:09,更新済み,2026-07-18T22:07:33
sPs1_M6kN3o,『リードα物理基礎・物理』2章_基本問題34,斜方投射で最高点の高さと到達距離を求める｜リードα 第2章 基本問題34【高校物理】,17,217,更新済み,2026-07-16T22:24:11,更新済み,2026-07-18T22:07:38
IPdBz3ZQ-1U,『リードα物理基礎・物理』3章_基本問題46,原点にはたらく5つの力の合力を求める｜リードα 第3章 基本問題46【高校物理】,17,218,更新済み,2026-07-16T22:24:13,更新済み,2026-07-18T22:07:42
Ad7za7lM8M8,『リードα物理基礎・物理』3章_基本問題49,ばねの伸びからばね定数と全長を求める｜リードα 第3章 基本問題49【高校物理】,17,219,更新済み,2026-07-16T22:24:14,更新済み,2026-07-18T22:07:47
5n2Hran77zo,『リードα物理基礎・物理』3章_応用問題64,複数のばねでつり下げた小球の全長を求める｜リードα 第3章 応用問題64【高校物理】,17,220,更新済み,2026-07-16T22:24:16,更新済み,2026-07-18T22:07:52
HTePJbLE4q4,『リードα物理基礎・物理』4章_基本問題69,板上の物体を加速度aで動かす力を求める｜リードα 第4章 基本問題69【高校物理】,17,221,更新済み,2026-07-16T22:24:17,更新済み,2026-07-18T22:07:56
9v5rpHZwCFc,『リードα物理基礎・物理』4章_基本問題72,45°斜面をすべり下りる物体の加速度を求める｜リードα 第4章 基本問題72【高校物理】,17,222,更新済み,2026-07-16T22:24:19,更新済み,2026-07-18T22:08:01
ctlKB8sI8iE,『リードα物理基礎・物理』7章_応用問題147,弾丸が木材にくいこむ時間とエネルギーを求める｜リードα 第7章 応用問題147【高校物理】,17,223,更新済み,2026-07-16T22:24:21,更新済み,2026-07-18T22:08:06
8hlF10LRqUw,『リードα物理基礎・物理』8章_応用問題173,円筒内面を上がる小球が離れる高さを求める｜リードα 第8章 応用問題173【高校物理】,17,224,更新済み,2026-07-16T22:24:22,更新済み,2026-07-18T22:08:10
tNNTp3dtD2Y,『リードα物理基礎・物理』9章_応用問題193,板とおもりが離れる位置と速さを求める｜リードα 第9章 応用問題193【高校物理】,17,225,更新済み,2026-07-16T22:24:24,更新済み,2026-07-18T22:08:15
k4GrX6uzs38,『リードα物理基礎・物理』13章_基本問題252,定積・定圧変化の内部エネルギーと熱量を求める｜リードα 第13章 基本問題252【高校物理】,17,226,更新済み,2026-07-16T22:24:26,更新済み,2026-07-18T22:08:20
IEFyiE39t4M,『リードα物理基礎・物理』13章_基本問題254,ポアソンの法則で膨張後の温度と仕事を求める｜リードα 第13章 基本問題254【高校物理】,17,227,更新済み,2026-07-16T22:24:28,更新済み,2026-07-18T22:08:25
iyqhAR5OyCo,『リードα物理基礎・物理』13章_応用問題264,ばね付きピストンの気体を加熱した仕事を求める｜リードα 第13章 応用問題264【高校物理】,17,228,更新済み,2026-07-16T22:24:30,更新済み,2026-07-18T22:08:30
BWNbd2JWIYw,『リードα物理基礎・物理』17章_応用問題311,クインケ管の経路差から振動数と音速を求める｜リードα 第17章 応用問題311【高校物理】,17,229,更新済み,2026-07-16T22:24:32,更新済み,2026-07-18T22:08:35
F2AKWNk7QfM,『リードα物理基礎・物理』18章_基本問題322,上空を飛ぶ飛行機の音の振動数の最小値を求める｜リードα 第18章 基本問題322【高校物理】,17,230,更新済み,2026-07-16T22:24:33,更新済み,2026-07-18T22:08:42
RBC5RZyTOB4,『リードα物理基礎・物理』19章_基本問題332,3層の境界面での屈折角と全反射条件を導出する｜リードα 第19章 基本問題332【高校物理】,17,231,更新済み,2026-07-16T22:24:34,更新済み,2026-07-18T22:08:47
_TjhpHFM0ng,『リードα物理基礎・物理』19章_応用問題344,凸レンズと凹レンズを組み合わせた系の像を求める｜リードα 第19章 応用問題344【高校物理】,17,232,更新済み,2026-07-16T22:24:36,更新済み,2026-07-18T22:08:52
i3j_vO43_dY,『リードα物理基礎・物理』23章_応用問題403,自由電子の速さと電流の関係を式で求める｜リードα 第23章 応用問題403【高校物理】,17,233,更新済み,2026-07-16T22:24:37,更新済み,2026-07-18T22:08:56
K29vwUWKi9I,『リードα物理基礎・物理』1章_基本問題3,平均の速さと瞬間の速さをグラフで求める｜リードα 第1章 基本問題3【高校物理】,18,234,更新済み,2026-07-16T22:24:39,更新済み,2026-07-18T22:09:01
tXwztd5AZIw,『リードα物理基礎・物理』2章_基本問題29,鉛直投げ上げのv-tグラフから最高点の時刻を読み取る｜リードα 第2章 基本問題29【高校物理】,18,235,更新済み,2026-07-16T22:24:40,更新済み,2026-07-18T22:09:06
dYMR-OBlYCY,『リードα物理基礎・物理』2章_基本問題32,崖から水平投射した小石の落下時間を求める｜リードα 第2章 基本問題32【高校物理】,18,236,更新済み,2026-07-16T22:24:42,更新済み,2026-07-18T22:09:11
NhEm_zp2yHA,『リードα物理基礎・物理』3章_基本問題47,7通りの状況で物体にはたらく力を図示する｜リードα 第3章 基本問題47【高校物理】,18,237,更新済み,2026-07-16T22:24:44,更新済み,2026-07-18T22:09:16
IDnZGDiQTSw,『リードα物理基礎・物理』3章_基本問題58,机上の荷物にはたらく作用反作用の力を挙げる｜リードα 第3章 基本問題58【高校物理】,18,238,更新済み,2026-07-16T22:24:45,更新済み,2026-07-18T22:09:21
8SmdbIT2HSc,『リードα物理基礎・物理』4章_基本問題65,速さの変化から物体にはたらく力を求める｜リードα 第4章 基本問題65【高校物理】,18,239,更新済み,2026-07-16T22:24:47,更新済み,2026-07-18T22:09:26
ZxsoIuWO3oI,『リードα物理基礎・物理』4章_基本問題71,2台車のv-tグラフの傾きから質量比を求める｜リードα 第4章 基本問題71【高校物理】,18,240,更新済み,2026-07-16T22:24:48,更新済み,2026-07-18T22:09:32
2Ph8ZbaZanY,『リードα物理基礎・物理』6章_基本例題25,斜面からばねに進む物体の速さと縮みを求める｜リードα 第6章 基本例題25【高校物理】,18,241,更新済み,2026-07-16T22:24:50,更新済み,2026-07-18T22:09:37
7qQz7H5pW8Q,『リードα物理基礎・物理』8章_基本問題151,角速度で回る物体の速さと周期を文字式で表す｜リードα 第8章 基本問題151【高校物理】,18,242,更新済み,2026-07-16T22:24:51,更新済み,2026-07-18T22:09:42
A7ZqNScKzGI,『リードα物理基礎・物理』9章_基本問題182,鉛直ばね振り子の運動方程式と通過時間を求める｜リードα 第9章 基本問題182【高校物理】,18,243,更新済み,2026-07-16T22:24:53,更新済み,2026-07-18T22:09:47
AmPUqfE6Muc,『リードα物理基礎・物理』12章_基本問題239,瓶を湯に入れ逃げた空気の割合を求める｜リードα 第12章 基本問題239【高校物理】,18,244,更新済み,2026-07-16T22:24:54,更新済み,2026-07-18T22:09:51
Cw1yH_gd07c,『リードα物理基礎・物理』13章_基本例題47,p-V図から4つの変化の温度の大小を判定する｜リードα 第13章 基本例題47【高校物理】,18,245,更新済み,2026-07-16T22:24:56,更新済み,2026-07-18T22:09:57
K_g-Wgj1pYI,『リードα物理基礎・物理』13章_応用問題259,球形容器内の分子運動から圧力の式を導く｜リードα 第13章 応用問題259【高校物理】,18,246,更新済み,2026-07-16T22:24:57,更新済み,2026-07-18T22:10:02
otfr1HQRj4o,『リードα物理基礎・物理』18章_基本問題316,音源が動く場合と観測者が動く場合を比較する｜リードα 第18章 基本問題316【高校物理】,18,247,更新済み,2026-07-16T22:24:59,更新済み,2026-07-18T22:10:07
YykzU-XPXDg,『リードα物理基礎・物理』18章_基本問題317,水面波の伝わる速さと観測点の振動数を求める｜リードα 第18章 基本問題317【高校物理】,18,248,更新済み,2026-07-16T22:25:00,更新済み,2026-07-18T22:10:11
vI8t8EyDA4M,『リードα物理基礎・物理』23章_基本例題77,ニクロム線の抵抗値と電力・ジュール熱を求める｜リードα 第23章 基本例題77【高校物理】,18,249,更新済み,2026-07-16T22:25:01,更新済み,2026-07-18T22:10:16
IZX2J5loAp8,『リードα物理基礎・物理』26章_応用問題455,動き出す導体棒の終端速度を求める｜リードα 第26章 応用問題455【高校物理】,18,250,更新済み,2026-07-16T22:25:03,更新済み,2026-07-18T22:10:21
QdIhCJ8tIts,『リードα物理基礎・物理』2章_基本問題26,降下中の気球から落とした小球の速さを求める｜リードα 第2章 基本問題26【高校物理】,19,251,更新済み,2026-07-16T22:25:05,更新済み,2026-07-18T22:10:26
5QsTkh2ATOE,『リードα物理基礎・物理』2章_基本問題31,水平投射で着地するまでの高さと距離を求める｜リードα 第2章 基本問題31【高校物理】,19,252,更新済み,2026-07-16T22:25:07,更新済み,2026-07-18T22:10:30
8uYqP2QdDGw,『リードα物理基礎・物理』2章_基本問題37,走る台車から発射した小球の落下位置を考える｜リードα 第2章 基本問題37【高校物理】,19,253,更新済み,2026-07-16T22:25:08,更新済み,2026-07-18T22:10:35
wN_kkSSOR5I,『リードα物理基礎・物理』2章_応用問題42,壁に向けた斜方投射が衝突するまでの条件を求める｜リードα 第2章 応用問題42【高校物理】,19,254,更新済み,2026-07-16T22:25:10,更新済み,2026-07-18T22:10:39
7-3SecHyYl0,『リードα物理基礎・物理』4章_基本問題77,滑車でおもりが降下する加速度と張力を求める｜リードα 第4章 基本問題77【高校物理】,19,255,更新済み,2026-07-16T22:25:11,更新済み,2026-07-18T22:10:45
H6dv9TrWfwY,『リードα物理基礎・物理』4章_基本問題80,糸を離した後の物体の加速度の変化を求める｜リードα 第4章 基本問題80【高校物理】,19,256,更新済み,2026-07-16T22:25:12,更新済み,2026-07-18T22:10:50
WwOFLrMig5s,『リードα物理基礎・物理』8章_基本問題162,カーブを走る運転手が受ける遠心力を求める｜リードα 第8章 基本問題162【高校物理】,19,257,更新済み,2026-07-16T22:25:14,更新済み,2026-07-18T22:10:55
u3KyNJRC2GA,『リードα物理基礎・物理』19章_基本問題333,水滴内の光の分散で虹の外側の色を図示する｜リードα 第19章 基本問題333【高校物理】,19,258,更新済み,2026-07-16T22:25:15,更新済み,2026-07-18T22:11:00
YilyEPOk8lI,『リードα物理基礎・物理』19章_基本問題339,凹面鏡と凸面鏡それぞれの像の位置と種類を求める｜リードα 第19章 基本問題339【高校物理】,19,259,更新済み,2026-07-16T22:25:17,更新済み,2026-07-18T22:11:05
8jCky5OZrpE,『リードα物理基礎・物理』3章_応用問題63,2斜面をばねと糸でつないだ伸びを求める｜リードα 第3章 応用問題63【高校物理】,20,260,更新済み,2026-07-16T22:25:18,更新済み,2026-07-18T22:11:10
ErBnPIb8wrQ,『リードα物理基礎・物理』6章_基本例題26,ばね吊り小球のつり合い位置と速度を導く｜リードα 第6章 基本例題26【高校物理】,20,261,更新済み,2026-07-16T22:25:20,更新済み,2026-07-18T22:11:15
pWDvwjYYeA8,『リードα物理基礎・物理』6章_応用問題129,あらい斜面でばねが再び伸びる条件を求める｜リードα 第6章 応用問題129【高校物理】,20,262,更新済み,2026-07-16T22:25:22,更新済み,2026-07-18T22:11:20
9OEvMJLDANw,『リードα物理基礎・物理』6章_応用問題130,板と小球が離れる位置と最高到達点を求める｜リードα 第6章 応用問題130【高校物理】,20,263,更新済み,2026-07-16T22:25:23,更新済み,2026-07-18T22:11:28
v81MYhpjlYs,『リードα物理基礎・物理』8章_基本問題152,一定周期で回転する物体の向心力を求める｜リードα 第8章 基本問題152【高校物理】,20,264,更新済み,2026-07-16T22:25:25,更新済み,2026-07-18T22:11:35
lw4fN6MzXss,『リードα物理基礎・物理』8章_応用問題172,円板上の物体が留まる角速度の条件を求める｜リードα 第8章 応用問題172【高校物理】,20,265,更新済み,2026-07-16T22:25:26,更新済み,2026-07-18T22:11:40
eMyySe_-wps,『リードα物理基礎・物理』9章_基本例題38,鉛直ばね振り子のばね定数と角振動数を求める｜リードα 第9章 基本例題38【高校物理】,20,266,更新済み,2026-07-16T22:25:28,更新済み,2026-07-18T22:11:45
YD_a7mPdWrk,『リードα物理基礎・物理』9章_基本問題186,"振り子の復元力と周期をg,l,αで表す｜リードα 第9章 基本問題186【高校物理】",20,267,更新済み,2026-07-16T22:25:30,更新済み,2026-07-18T22:11:50
z8Yyv4p2YkA,『リードα物理基礎・物理』13章_基本例題48,サイクルの各過程の仕事と熱効率を求める｜リードα 第13章 基本例題48【高校物理】,20,268,更新済み,2026-07-16T22:25:31,更新済み,2026-07-18T22:11:55
zOTToJ9KL3A,『リードα物理基礎・物理』15章_応用問題286,反射波の合成で定在波の節を文字式で導く｜リードα 第15章 応用問題286【高校物理】,20,269,更新済み,2026-07-16T22:25:33,更新済み,2026-07-18T22:12:00
DTu_Nnv1OpQ,『リードα物理基礎・物理』20章_基本例題65,空所補充でヤングの実験の明線条件を導く｜リードα 第20章 基本例題65【高校物理】,20,270,更新済み,2026-07-16T22:25:34,更新済み,2026-07-18T22:12:04
x7ln_Eh38-g,『リードα物理基礎・物理』23章_基本問題396,直列接続回路の各点電圧と合成抵抗を求める｜リードα 第23章 基本問題396【高校物理】,20,271,更新済み,2026-07-16T22:25:36,更新済み,2026-07-18T22:12:09
YHU7WCQCoTQ,『リードα物理基礎・物理』1章_基本問題4,川を渡る船の上りと下りの速さを求める｜リードα 第1章 基本問題4【高校物理】,21,272,更新済み,2026-07-16T22:25:37,更新済み,2026-07-18T22:12:13
6_J-7gBb7Q0,『リードα物理基礎・物理』2章_基本問題23,自由落下する小石の速さを求める｜リードα 第2章 基本問題23【高校物理】,21,273,更新済み,2026-07-16T22:25:39,更新済み,2026-07-18T22:12:18
4DIEvd3Yd5I,『リードα物理基礎・物理』3章_基本問題51,天井と水平の糸で支えた小球の張力を求める｜リードα 第3章 基本問題51【高校物理】,21,274,更新済み,2026-07-16T22:25:40,更新済み,2026-07-18T22:12:23
Hm9E_9draZQ,『リードα物理基礎・物理』3章_基本問題53,45°斜面上の物体を引く糸の張力を求める｜リードα 第3章 基本問題53【高校物理】,21,275,更新済み,2026-07-16T22:25:41,更新済み,2026-07-18T22:12:28
TGt_gC1YfXs,『リードα物理基礎・物理』7章_基本問題131,一定の力を加え続けたときの力積を求める｜リードα 第7章 基本問題131【高校物理】,21,276,更新済み,2026-07-16T22:25:43,更新済み,2026-07-18T22:12:33
i9_rhshxV1Y,『リードα物理基礎・物理』9章_基本例題37,ばねを伸ばして放した小球の周期を求める｜リードα 第9章 基本例題37【高校物理】,21,277,更新済み,2026-07-16T22:25:45,更新済み,2026-07-18T22:12:40
Vz1HWG-fnrs,『リードα物理基礎・物理』13章_基本例題44,気体分子の二乗平均速度と混合気体の比を求める｜リードα 第13章 基本例題44【高校物理】,21,278,更新済み,2026-07-16T22:25:46,更新済み,2026-07-18T22:12:45
JFJfk4FuEMA,『リードα物理基礎・物理』13章_基本問題249,単原子分子気体の内部エネルギーの倍率を求める｜リードα 第13章 基本問題249【高校物理】,21,279,更新済み,2026-07-16T22:25:48,更新済み,2026-07-18T22:12:51
ZSZiQR8umro,『リードα物理基礎・物理』13章_基本問題255,4通りの状態変化の内部エネルギーと仕事を求める｜リードα 第13章 基本問題255【高校物理】,21,280,更新済み,2026-07-16T22:25:50,更新済み,2026-07-18T22:12:58
Pdvkl5y04d8,『リードα物理基礎・物理』17章_基本問題309,密度変化グラフから開管の反射位置を求める｜リードα 第17章 基本問題309【高校物理】,21,281,更新済み,2026-07-16T22:25:51,更新済み,2026-07-18T22:13:03
ZLPJ-P93UcU,『リードα物理基礎・物理』19章_基本問題338,凹面鏡・凸面鏡がつくる像を作図で求める｜リードα 第19章 基本問題338【高校物理】,21,282,更新済み,2026-07-16T22:25:53,更新済み,2026-07-18T22:13:11
f9qjiYxf9HQ,『リードα物理基礎・物理』23章_基本問題401,ニクロム線で油の温度を上げる時間を求める｜リードα 第23章 基本問題401【高校物理】,21,283,更新済み,2026-07-16T22:25:54,更新済み,2026-07-18T22:13:18
iN8jO9zu-DE,『リードα物理基礎・物理』23章_基本問題402,抵抗の接続法を変えたときの消費電力を求める｜リードα 第23章 基本問題402【高校物理】,21,284,更新済み,2026-07-16T22:25:56,更新済み,2026-07-18T22:13:23
6WeBUXjmupI,『リードα物理基礎・物理』25章_応用問題438,正方形頂点の4本の電流がつくる中心の磁場を求める｜リードα 第25章 応用問題438【高校物理】,21,285,更新済み,2026-07-16T22:25:58,更新済み,2026-07-18T22:13:27
drSci8bMd-M,『リードα物理基礎・物理』26章_応用問題458,磁場中で回転するL字形導体棒の角速度を求める｜リードα 第26章 応用問題458【高校物理】,21,286,更新済み,2026-07-16T22:25:59,更新済み,2026-07-18T22:13:32
Y1qoC7Hood8,『リードα物理基礎・物理』2章_応用問題43,自由落下する的に弾丸が命中する条件を求める｜リードα 第2章 応用問題43【高校物理】,22,287,更新済み,2026-07-16T22:26:00,更新済み,2026-07-18T22:13:37
ZkXfPAWhRuk,『リードα物理基礎・物理』3章_基本問題45,方眼と角度で与えられた6力の成分を求める｜リードα 第3章 基本問題45【高校物理】,22,288,更新済み,2026-07-16T22:26:02,更新済み,2026-07-18T22:13:42
OWI7Bkdtaq0,『リードα物理基礎・物理』3章_基本問題54,30°斜面上で力の向きを変えたときの大きさを求める｜リードα 第3章 基本問題54【高校物理】,22,289,更新済み,2026-07-16T22:26:04,更新済み,2026-07-18T22:13:46
z83JYXIxLto,『リードα物理基礎・物理』4章_基本問題82,斜面上を一定速度で引く糸の張力を求める｜リードα 第4章 基本問題82【高校物理】,22,290,更新済み,2026-07-16T22:26:05,更新済み,2026-07-18T22:13:52
bdrge5flSpc,『リードα物理基礎・物理』4章_基本問題84,U字管の水と油の液面差から密度を求める｜リードα 第4章 基本問題84【高校物理】,22,291,更新済み,2026-07-16T22:26:07,更新済み,2026-07-18T22:13:58
76ZxnhY15-o,『リードα物理基礎・物理』12章_応用問題242,連結ピストンの気体を冷却した移動距離を求める｜リードα 第12章 応用問題242【高校物理】,22,292,更新済み,2026-07-16T22:26:08,更新済み,2026-07-18T22:14:03
BzZ-y9mUe7g,『リードα物理基礎・物理』19章_基本例題62,液中光源の見かけの深さと全反射を防ぐ半径を求める｜リードα 第19章 基本例題62【高校物理】,22,293,更新済み,2026-07-16T22:26:10,更新済み,2026-07-18T22:14:07
5lNerIwPNrQ,『リードα物理基礎・物理』19章_基本問題334,凸レンズ・凹レンズがつくる像を作図で求める｜リードα 第19章 基本問題334【高校物理】,22,294,更新済み,2026-07-16T22:26:11,更新済み,2026-07-18T22:14:12
QZ2x-5fqNok,『リードα物理基礎・物理』20章_応用問題352,スリットを薄膜で覆うと干渉縞はどうずれるか求める｜リードα 第20章 応用問題352【高校物理】,22,295,更新済み,2026-07-16T22:26:13,更新済み,2026-07-18T22:14:17
nofxzqsCwe4,『リードα物理基礎・物理』26章_応用問題454,磁場を通過するコイルの誘導起電力を求める｜リードα 第26章 応用問題454【高校物理】,22,296,更新済み,2026-07-16T22:26:14,更新済み,2026-07-18T22:14:21
SzYDPKRqm0Y,『リードα物理基礎・物理』1章_基本問題10,記録テープの打点から平均の速さを求める｜リードα 第1章 基本問題10【高校物理】,23,297,更新済み,2026-07-17T18:25:22,更新済み,2026-07-18T22:14:26
Sw2aBxvzkHI,『リードα物理基礎・物理』2章_基本問題24,自由落下運動の4種のグラフを選び分ける｜リードα 第2章 基本問題24【高校物理】,23,298,更新済み,2026-07-17T18:25:36,更新済み,2026-07-18T22:14:31
R-PlGTVaXKY,『リードα物理基礎・物理』2章_基本問題27,鉛直投げ上げで最高点の高さと落下時間を求める｜リードα 第2章 基本問題27【高校物理】,23,299,更新済み,2026-07-17T18:25:37,更新済み,2026-07-18T22:14:36
65eMEEq9-kk,『リードα物理基礎・物理』4章_基本例題17,物体がすべり出す直前の力と加速度を求める｜リードα 第4章 基本例題17【高校物理】,23,300,更新済み,2026-07-17T18:25:39,更新済み,2026-07-18T22:14:40
l4bxZfyABMc,『リードα物理基礎・物理』4章_基本例題18,液体に沈めた鉄球の浮力と張力を求める｜リードα 第4章 基本例題18【高校物理】,23,301,更新済み,2026-07-17T18:25:41,更新済み,2026-07-18T22:14:45
nsFZP09KHFw,『リードα物理基礎・物理』4章_基本問題79,30°斜面上の物体が動き出す直前の力を求める｜リードα 第4章 基本問題79【高校物理】,23,302,更新済み,2026-07-17T18:25:42,更新済み,2026-07-18T22:14:49
2K8lwNxkjG0,『リードα物理基礎・物理』6章_基本例題23,振り子の張力と重力がした仕事を求める｜リードα 第6章 基本例題23【高校物理】,23,303,更新済み,2026-07-17T18:25:43,更新済み,2026-07-18T22:14:56
8cptAfrw28o,『リードα物理基礎・物理』7章_応用問題149,斜面台上を運動する物体の速度を求める｜リードα 第7章 応用問題149【高校物理】,23,304,更新済み,2026-07-17T18:25:45,更新済み,2026-07-18T22:15:03
ka_3KlA8UPM,『リードα物理基礎・物理』8章_基本問題158,エレベーター内のばかりが示す値を求める｜リードα 第8章 基本問題158【高校物理】,23,305,更新済み,2026-07-17T18:25:46,更新済み,2026-07-18T22:16:09
aCkroJuDI4A,『リードα物理基礎・物理』13章_基本問題246,同温の水素と酸素分子の速さの比を求める｜リードα 第13章 基本問題246【高校物理】,23,306,更新済み,2026-07-17T18:25:48,更新済み,2026-07-20T17:08:31
Oo8cbGSrGi8,『リードα物理基礎・物理』13章_基本問題251,定積・定圧変化での熱量と仕事の正負を判定する｜リードα 第13章 基本問題251【高校物理】,23,307,更新済み,2026-07-17T18:25:49,更新済み,2026-07-20T17:08:36
2lqONLCJrHY,『リードα物理基礎・物理』13章_基本問題258,p-Vグラフの1サイクルで仕事と熱効率を求める｜リードα 第13章 基本問題258【高校物理】,23,308,更新済み,2026-07-17T18:25:51,更新済み,2026-07-20T17:08:42
dXHr6cd_yA4,『リードα物理基礎・物理』20章_基本例題67,薄膜表面・裏面反射光の位相差と最小膜厚を求める｜リードα 第20章 基本例題67【高校物理】,23,309,更新済み,2026-07-17T18:25:53,更新済み,2026-07-20T17:08:47
13BQcgy1Ms0,『リードα物理基礎・物理』23章_応用問題407,電力が最大となる抵抗値を証明する｜リードα 第23章 応用問題407【高校物理】,23,310,更新済み,2026-07-17T18:25:54,更新済み,2026-07-20T17:08:51
iIcZej5-kNM,『リードα物理基礎・物理』6章_基本問題113,ばねを引き伸ばす手がした仕事を文字式で表す｜リードα 第6章 基本問題113【高校物理】,24,311,更新済み,2026-07-17T18:25:56,更新済み,2026-07-20T17:08:56
Mb18Sb3b19o,『リードα物理基礎・物理』6章_応用問題128,ばねでつながれた2小球が離れる速さを求める｜リードα 第6章 応用問題128【高校物理】,24,312,更新済み,2026-07-17T18:25:58,更新済み,2026-07-20T17:09:02
GA2mTA4tuqU,『リードα物理基礎・物理』7章_基本問題136,台車を押し出す人と台車の速さを求める｜リードα 第7章 基本問題136【高校物理】,24,313,更新済み,2026-07-17T18:25:59,更新済み,2026-07-20T17:09:06
YvQUMqUMIIE,『リードα物理基礎・物理』7章_基本問題137,分裂するロケット頭部の速度を求める｜リードα 第7章 基本問題137【高校物理】,24,314,更新済み,2026-07-17T18:26:00,更新済み,2026-07-20T17:09:11
0kYsVvkQm-I,『リードα物理基礎・物理』8章_基本問題166,円筒面を通る小球の速さと垂直抗力を求める｜リードα 第8章 基本問題166【高校物理】,24,315,更新済み,2026-07-17T18:26:02,更新済み,2026-07-20T17:09:16
hPphCuKKso0,『リードα物理基礎・物理』13章_基本例題45,断熱容器の2種の気体を混合後の圧力を求める｜リードα 第13章 基本例題45【高校物理】,24,316,更新済み,2026-07-17T18:26:04,更新済み,2026-07-20T17:09:20
MNbysXM_aHA,『リードα物理基礎・物理』16章_応用問題293,平面波の屈折角と節線の間隔を導出する｜リードα 第16章 応用問題293【高校物理】,24,317,更新済み,2026-07-17T18:26:05,更新済み,2026-07-20T17:09:25
xfd6fYG0b5Y,『リードα物理基礎・物理』18章_基本問題320,遠ざかる反射板からの反射音とうなりを求める｜リードα 第18章 基本問題320【高校物理】,24,318,更新済み,2026-07-17T18:26:07,更新済み,2026-07-20T17:09:30
lnjXjXUsz6s,『リードα物理基礎・物理』20章_基本問題351,ニュートンリングの暗環半径を条件を変えて比較する｜リードα 第20章 基本問題351【高校物理】,24,319,更新済み,2026-07-17T18:26:08,更新済み,2026-07-20T17:09:34
VTcG4K82BDs,『リードα物理基礎・物理』20章_応用問題354,マイケルソン干渉計で光強度の変化を調べる｜リードα 第20章 応用問題354【高校物理】,24,320,更新済み,2026-07-17T18:26:10,更新済み,2026-07-20T17:09:39
jHg910FecWw,『リードα物理基礎・物理』1章_基本問題8,南北と東西に進む物体の相対速度を求める｜リードα 第1章 基本問題8【高校物理】,25,321,更新済み,2026-07-17T18:26:11,更新済み,2026-07-20T17:09:44
o0JEiYMVCpU,『リードα物理基礎・物理』2章_応用問題38,投げ上げたAと落下するBが空中衝突する条件を求める｜リードα 第2章 応用問題38【高校物理】,25,322,更新済み,2026-07-17T18:26:13,更新済み,2026-07-20T17:09:49
GBs3DE1Rz2M,『リードα物理基礎・物理』3章_基本例題10,方眼上の2力の合力を作図して求める｜リードα 第3章 基本例題10【高校物理】,25,323,更新済み,2026-07-17T18:26:14,更新済み,2026-07-20T17:09:53
LtDKUPbiM84,『リードα物理基礎・物理』3章_基本問題50,おもりを引き上げるばねが台から離れる伸びを求める｜リードα 第3章 基本問題50【高校物理】,25,324,更新済み,2026-07-17T18:26:16,更新済み,2026-07-20T17:09:58
_Lusp72z0Mk,『リードα物理基礎・物理』4章_基本問題73,30°斜面上の物体の加速度と糸の張力を求める｜リードα 第4章 基本問題73【高校物理】,25,325,更新済み,2026-07-17T18:26:17,更新済み,2026-07-20T17:10:04
d__Z4f1kiTQ,『リードα物理基礎・物理』4章_基本問題74,糸でつないだ2物体を引く加速度と張力を求める｜リードα 第4章 基本問題74【高校物理】,25,326,更新済み,2026-07-17T18:26:19,更新済み,2026-07-20T17:10:08
6jToFTS0c4Y,『リードα物理基礎・物理』4章_基本問題86,液体に沈めた物体の浮力とばねの伸びを求める｜リードα 第4章 基本問題86【高校物理】,25,327,更新済み,2026-07-17T18:26:21,更新済み,2026-07-20T17:10:13
o9jwBFxSOeU,『リードα物理基礎・物理』7章_基本問題134,弾丸が木片にめりこみ上がる高さを求める｜リードα 第7章 基本問題134【高校物理】,25,328,更新済み,2026-07-17T18:26:22,更新済み,2026-07-20T17:10:17
0_y5NsaSuTA,『リードα物理基礎・物理』8章_基本問題154,半径方向の運動方程式から角速度を求める｜リードα 第8章 基本問題154【高校物理】,25,329,更新済み,2026-07-17T18:26:24,更新済み,2026-07-20T17:10:22
cE4LzS28Tug,『リードα物理基礎・物理』1章_基本例題4,等加速度直線運動の公式で速度と変位を求める｜リードα 第1章 基本例題4【高校物理】,26,330,更新済み,2026-07-17T18:26:25,更新済み,2026-07-20T17:10:28
fJHVWUsN9bE,『リードα物理基礎・物理』4章_基本問題70,エレベーター内で人が床に及ぼす力を求める｜リードα 第4章 基本問題70【高校物理】,26,331,更新済み,2026-07-17T18:26:26,更新済み,2026-07-20T17:10:32
ZNqNnjoROeA,『リードα物理基礎・物理』4章_応用問題91,動滑車でつるした2物体の加速度を文字式で求める｜リードα 第4章 応用問題91【高校物理】,26,332,更新済み,2026-07-17T18:26:28,更新済み,2026-07-20T17:10:37
bf_HyDehY2E,『リードα物理基礎・物理』5章_基礎CHECK,第5章 基礎CHECK 総まとめ｜リードα【高校物理】,26,333,更新済み,2026-07-17T18:26:29,更新済み,2026-07-20T17:10:42
MxPU5miD_sE,『リードα物理基礎・物理』5章_応用問題105,はしごを登る人がすべり出す位置を求める｜リードα 第5章 応用問題105【高校物理】,26,334,更新済み,2026-07-17T18:26:31,更新済み,2026-07-20T17:10:47
6SiC0E-SPv0,『リードα物理基礎・物理』8章_基本問題164,円錐側面をすべる物体の向心力を求める｜リードα 第8章 基本問題164【高校物理】,26,335,更新済み,2026-07-17T18:26:32,更新済み,2026-07-20T17:10:52
ghJPfnqiGPc,『リードα物理基礎・物理』8章_基礎CHECK,第8章 基礎CHECK 総まとめ｜リードα【高校物理】,26,336,更新済み,2026-07-17T18:26:33,更新済み,2026-07-20T17:10:57
CsRcO_B1pbc,『リードα物理基礎・物理』8章_応用問題171,釘で半径が変わる振り子の張力の変化を求める｜リードα 第8章 応用問題171【高校物理】,26,337,更新済み,2026-07-17T18:26:36,更新済み,2026-07-20T17:11:01
hDlMKjVF6iA,『リードα物理基礎・物理』20章_基本問題350,くさび形空気層の干渉縞からアルミ箔の厚さを求める｜リードα 第20章 基本問題350【高校物理】,26,338,更新済み,2026-07-17T18:26:37,更新済み,2026-07-20T17:11:08
MLxJexrpJWI,『リードα物理基礎・物理』20章_基礎CHECK,第20章 基礎CHECK 総まとめ｜リードα【高校物理】,26,339,更新済み,2026-07-17T18:26:39,更新済み,2026-07-20T17:11:13
8H7tYYN-Peg,『リードα物理基礎・物理』22章_応用問題392,誘電体挿入時の静電エネルギー変化と外力を求める｜リードα 第22章 応用問題392【高校物理】,26,340,更新済み,2026-07-17T18:26:40,更新済み,2026-07-20T17:11:18
s7xxEcoL_xY,『リードα物理基礎・物理』27章_基礎CHECK,第27章 基礎CHECK 総まとめ｜リードα【高校物理】,26,341,更新済み,2026-07-17T18:26:42,更新済み,2026-07-20T17:11:23
8HhxAZspNhs,『リードα物理基礎・物理』2章_基本問題28,上昇中の気球から落とした小球の落下時間を求める｜リードα 第2章 基本問題28【高校物理】,27,342,更新済み,2026-07-17T18:26:43,更新済み,2026-07-20T17:11:28
twO2JJj_HKo,『リードα物理基礎・物理』4章_基本例題14,30°斜面をすべり上がる物体の加速度を求める｜リードα 第4章 基本例題14【高校物理】,27,343,更新済み,2026-07-17T18:26:45,更新済み,2026-07-20T17:11:33
l2KQ86HvreA,『リードα物理基礎・物理』4章_応用問題90,斜面上の物体とおもりの加速度を文字式で求める｜リードα 第4章 応用問題90【高校物理】,27,344,更新済み,2026-07-17T18:26:46,更新済み,2026-07-20T17:11:38
0D7ACov0sss,『リードα物理基礎・物理』8章_応用問題169,円錐振り子の糸が切れた後の落下距離を求める｜リードα 第8章 応用問題169【高校物理】,27,345,更新済み,2026-07-17T18:26:47,更新済み,2026-07-20T17:11:43
fqVYDIXqOtU,『リードα物理基礎・物理』16章_基本問題288,水面波干渉で定在波の腹の位置を求める｜リードα 第16章 基本問題288【高校物理】,27,346,更新済み,2026-07-17T18:26:48,更新済み,2026-07-20T17:11:48
M_z4hR2aElA,『リードα物理基礎・物理』24章_応用問題427,ダイオードに電流が流れる可変抵抗の条件を求める｜リードα 第24章 応用問題427【高校物理】,27,347,更新済み,2026-07-17T18:26:50,更新済み,2026-07-20T17:11:53
pP6JaWWAXhw,『リードα物理基礎・物理』1章_基本問題14,向きが反転する等加速度運動を解く｜リードα 第1章 基本問題14【高校物理】,28,348,更新済み,2026-07-17T18:26:52,更新済み,2026-07-20T17:11:58
w88arjGBD6w,『リードα物理基礎・物理』3章_応用問題61,45°と30°の糸でつるす2小球の張力比を求める｜リードα 第3章 応用問題61【高校物理】,28,349,更新済み,2026-07-17T18:26:53,更新済み,2026-07-20T17:12:03
_2Oo23-NlhY,『リードα物理基礎・物理』4章_基本例題13,物体を上下させる糸の張力と加速度を求める｜リードα 第4章 基本例題13【高校物理】,28,350,更新済み,2026-07-17T18:26:56,更新済み,2026-07-20T17:12:08
RCqeaZt6s58,『リードα物理基礎・物理』4章_基本問題83,水中の円柱が受ける上下の圧力差を求める｜リードα 第4章 基本問題83【高校物理】,28,351,更新済み,2026-07-17T18:26:58,更新済み,2026-07-20T17:12:13
ARIq9bkapg8,『リードα物理基礎・物理』18章_応用問題325,電車通過時の斜め方向の振動数変化を求める｜リードα 第18章 応用問題325【高校物理】,28,352,更新済み,2026-07-17T18:26:59,更新済み,2026-07-20T17:12:17
NvRawl_LulE,『リードα物理基礎・物理』19章_基本問題331,プリズム内での光の屈折・全反射経路と角度を求める｜リードα 第19章 基本問題331【高校物理】,28,353,更新済み,2026-07-17T18:27:01,更新済み,2026-07-20T17:12:22
NswgHDE-hTw,『リードα物理基礎・物理』20章_基本問題349,油膜の反射光が強め合う・弱め合う波長を求める｜リードα 第20章 基本問題349【高校物理】,28,354,更新済み,2026-07-17T18:27:02,更新済み,2026-07-20T17:12:30
dh-0s7FMAi0,『リードα物理基礎・物理』24章_基礎CHECK,第24章 基礎CHECK 総まとめ｜リードα【高校物理】,28,355,更新済み,2026-07-17T18:27:04,更新済み,2026-07-20T17:12:37
DPwVBQcq_c4,『リードα物理基礎・物理』24章_応用問題423,スイッチ開閉時の抵抗値と電流の向きをキルヒホッフで求める｜リードα 第24章 応用問題423【高校物理】,28,356,更新済み,2026-07-17T18:27:05,更新済み,2026-07-20T17:12:42
UNymz1jgkXk,『リードα物理基礎・物理』1章_基本例題3,一直線上と平面上の相対速度を求める｜リードα 第1章 基本例題3【高校物理】,29,357,更新済み,2026-07-17T18:27:06,更新済み,2026-07-20T17:12:47
tQT9KcRiVT4,『リードα物理基礎・物理』1章_基本問題6,船の速度をx成分とy成分に分解する｜リードα 第1章 基本問題6【高校物理】,29,358,更新済み,2026-07-17T18:27:07,更新済み,2026-07-20T17:12:52
zpmkdtoUC2Y,『リードα物理基礎・物理』2章_基本問題35,斜方投射の高さと到達距離を文字式で求める｜リードα 第2章 基本問題35【高校物理】,29,359,更新済み,2026-07-17T18:27:09,更新済み,2026-07-20T17:12:57
sKf68ffWQLU,『リードα物理基礎・物理』4章_基本問題87,空気抵抗を受けて落下する終端速度を求める｜リードα 第4章 基本問題87【高校物理】,29,360,更新済み,2026-07-17T18:27:10,更新済み,2026-07-20T17:13:02
cantdRXFvlU,『リードα物理基礎・物理』6章_基本問題111,基準を変えて位置エネルギーの差を求める｜リードα 第6章 基本問題111【高校物理】,29,361,更新済み,2026-07-17T18:27:12,更新済み,2026-07-20T17:13:08
dr4vYX02ZpQ,『リードα物理基礎・物理』15章_基本問題285,初期条件から波形と振動式を求め比較する｜リードα 第15章 基本問題285【高校物理】,29,362,更新済み,2026-07-17T18:27:13,更新済み,2026-07-20T17:13:14
awBIU2Qknuk,『リードα物理基礎・物理』19章_基本問題327,フィゾーの歯車法による光速測定の式を導出する｜リードα 第19章 基本問題327【高校物理】,29,363,更新済み,2026-07-17T18:27:15,更新済み,2026-07-20T17:13:18
UHpkcsa3TaE,『リードα物理基礎・物理』20章_基本問題348,油膜表面・裏面反射光が強めあう条件を求める｜リードα 第20章 基本問題348【高校物理】,29,364,更新済み,2026-07-17T18:27:17,更新済み,2026-07-20T17:13:23
8zGJ7cZukNA,『リードα物理基礎・物理』22章_応用問題391,金属板を部分的に差し込んだコンデンサーの容量を求める｜リードα 第22章 応用問題391【高校物理】,29,365,更新済み,2026-07-17T18:27:18,更新済み,2026-07-20T17:13:28
9RD_GiheHA4,『リードα物理基礎・物理』23章_基本問題399,ドライヤーの消費電力から電力量をJとkWhで求める｜リードα 第23章 基本問題399【高校物理】,29,366,更新済み,2026-07-17T18:27:19,更新済み,2026-07-20T17:13:32
bjklrXyNdWM,『リードα物理基礎・物理』25章_基礎CHECK,第25章 基礎CHECK 総まとめ｜リードα【高校物理】,29,367,更新済み,2026-07-17T18:27:21,更新済み,2026-07-20T17:13:40
TQb5cje5qiM,『リードα物理基礎・物理』27章_基本問題468,RLC直列回路の電位と共振角周波数を空所補充で求める｜リードα 第27章 基本問題468【高校物理】,29,368,更新済み,2026-07-17T18:27:22,更新済み,2026-07-20T17:13:46
gS-L5bvClPM,『リードα物理基礎・物理』1章_基本例題5,v-tグラフから加速度と移動距離を読み取る｜リードα 第1章 基本例題5【高校物理】,30,369,更新済み,2026-07-17T18:27:23,更新済み,2026-07-20T17:13:51
tTdOks2CW8Y,『リードα物理基礎・物理』1章_基本問題7,列車と自動車の相対速度を求める｜リードα 第1章 基本問題7【高校物理】,30,370,更新済み,2026-07-17T18:27:25,更新済み,2026-07-20T17:13:55
T2f1xX6EGD0,『リードα物理基礎・物理』1章_基本問題12,平均の加速度の向きと大きさを求める｜リードα 第1章 基本問題12【高校物理】,30,371,更新済み,2026-07-17T18:27:26,更新済み,2026-07-20T17:14:00
7s6HAtuJYsQ,『リードα物理基礎・物理』1章_基本問題15,v-tグラフから加速度と最遠点を求める｜リードα 第1章 基本問題15【高校物理】,30,372,更新済み,2026-07-17T18:27:28,更新済み,2026-07-20T17:14:04
kyFfPkWTnZU,『リードα物理基礎・物理』2章_応用問題41,斜め下方に投げた小球が水面に達する時間を求める｜リードα 第2章 応用問題41【高校物理】,30,373,更新済み,2026-07-17T18:27:29,更新済み,2026-07-20T17:14:09
fjQD7xBaWmE,『リードα物理基礎・物理』3章_基本問題52,45°と30°のひもで支える荷物の張力を求める｜リードα 第3章 基本問題52【高校物理】,30,374,更新済み,2026-07-17T18:27:31,更新済み,2026-07-20T17:14:14
feHBtp08jfY,『リードα物理基礎・物理』5章_基本例題20,壁に立てかけた棒が倒れない角度を求める｜リードα 第5章 基本例題20【高校物理】,30,375,更新済み,2026-07-17T18:27:32,更新済み,2026-07-20T17:14:19
M0CJex_WJVY,『リードα物理基礎・物理』5章_応用問題104,支柱で支えた板がひっくり返る位置を求める｜リードα 第5章 応用問題104【高校物理】,30,376,更新済み,2026-07-17T18:27:34,更新済み,2026-07-20T17:14:24
5hvCbO7YuYY,『リードα物理基礎・物理』8章_基本問題159,加速するリフト内の小球の糸の張力を求める｜リードα 第8章 基本問題159【高校物理】,30,377,更新済み,2026-07-17T18:27:36,更新済み,2026-07-20T17:14:30
tv3DEdBEZJg,『リードα物理基礎・物理』13章_基本問題250,断熱容器を連結した気体混合後の圧力を求める｜リードα 第13章 基本問題250【高校物理】,30,378,更新済み,2026-07-17T18:27:37,更新済み,2026-07-20T17:14:35
6xrthyuPQVE,『リードα物理基礎・物理』20章_基本問題346,空所補充でヤングの実験の2色が重なる間隔を求める｜リードα 第20章 基本問題346【高校物理】,30,379,更新済み,2026-07-17T18:27:39,更新済み,2026-07-20T17:14:39
f7dZRosgbC0,『リードα物理基礎・物理』24章_応用問題426,内部抵抗を考慮した2通りの抵抗測定誤差を比較する｜リードα 第24章 応用問題426【高校物理】,30,380,更新済み,2026-07-17T18:27:40,更新済み,2026-07-20T17:14:44
tBGa5kBfsw4,『リードα物理基礎・物理』3章_基本問題56,動滑車でAとBが静止する糸の張力を求める｜リードα 第3章 基本問題56【高校物理】,31,381,更新済み,2026-07-17T18:27:42,更新済み,2026-07-20T17:14:50
cG1Ll1arjx8,『リードα物理基礎・物理』4章_基本例題16,滑車でつながれた2物体の加速度と張力を求める｜リードα 第4章 基本例題16【高校物理】,31,382,更新済み,2026-07-17T18:27:43,更新済み,2026-07-20T17:14:54
HcL8xSYz3BQ,『リードα物理基礎・物理』22章_応用問題390,スイッチ切替を3段階行う回路で電気量の変化を求める｜リードα 第22章 応用問題390【高校物理】,31,383,更新済み,2026-07-17T18:27:45,更新済み,2026-07-20T17:14:58
seFLtQwKOiE,『リードα物理基礎・物理』22章_応用問題393,金属板挿入と直列・並列切替で電位と電場を求める｜リードα 第22章 応用問題393【高校物理】,31,384,更新済み,2026-07-17T18:27:46,更新済み,2026-07-20T17:15:03
Qu9g8wzcd0o,『リードα物理基礎・物理』3章_基本問題57,5通りの状況で垂直抗力の大小を比較する｜リードα 第3章 基本問題57【高校物理】,32,385,更新済み,2026-07-17T18:27:48,更新済み,2026-07-20T17:15:10
e6R_lZMPO80,『リードα物理基礎・物理』4章_基本問題81,あらい斜面をすべり下りる加速度を文字式で求める｜リードα 第4章 基本問題81【高校物理】,32,386,更新済み,2026-07-17T18:27:49,更新済み,2026-07-20T17:15:14
VR8GRQb2-zM,『リードα物理基礎・物理』5章_基本問題102,棒を持ち上げる力の違いから重心を求める｜リードα 第5章 基本問題102【高校物理】,32,387,更新済み,2026-07-17T18:27:51,更新済み,2026-07-20T17:15:19
C_MTFTHSUkY,『リードα物理基礎・物理』13章_基本問題247,立方体容器内の分子運動から圧力の式を導く｜リードα 第13章 基本問題247【高校物理】,32,388,更新済み,2026-07-17T18:27:53,更新済み,2026-07-20T17:15:24
aaF8upO7yeE,『リードα物理基礎・物理』27章_基本問題466,RL直列回路のインピーダンスと消費電力を求める｜リードα 第27章 基本問題466【高校物理】,32,389,更新済み,2026-07-17T18:27:54,更新済み,2026-07-20T17:15:29
PIZZuht50aM,『リードα物理基礎・物理』1章_基本問題17,a-tグラフから速度と上昇した高さを求める｜リードα 第1章 基本問題17【高校物理】,33,390,更新済み,2026-07-19T21:21:23,更新済み,2026-07-20T17:15:34
7n9cl1m07PA,『リードα物理基礎・物理』2章_基本例題8,水平投射で落下時間と衝突時の速度を求める｜リードα 第2章 基本例題8【高校物理】,33,391,更新済み,2026-07-19T21:21:48,更新済み,2026-07-20T17:15:38
4iLwbZctPMY,『リードα物理基礎・物理』8章_応用問題175,加速する台上の小物体が受ける垂直抗力を求める｜リードα 第8章 応用問題175【高校物理】,33,392,更新済み,2026-07-19T21:21:49,更新済み,2026-07-20T17:15:43
Pq2i3LOblAc,『リードα物理基礎・物理』16章_応用問題292,到達時間の差から干渉状態と節の数を求める｜リードα 第16章 応用問題292【高校物理】,33,393,更新済み,2026-07-19T21:21:51,更新済み,2026-07-20T17:15:47
2YFcRdcLEjI,『リードα物理基礎・物理』24章_応用問題425,スイッチとコンデンサー回路で移動電荷の向きを求める｜リードα 第24章 応用問題425【高校物理】,33,394,更新済み,2026-07-19T21:21:52,更新済み,2026-07-20T17:15:53
ixywAxf76HI,『リードα物理基礎・物理』2章_基本問題36,塔上からの斜方投射で最高点の高さを求める｜リードα 第2章 基本問題36【高校物理】,34,395,更新済み,2026-07-19T21:21:54,更新済み,2026-07-20T17:15:57
6SoartgheT8,『リードα物理基礎・物理』3章_応用問題62,板の上でひもを引く人の張力と抗力を求める｜リードα 第3章 応用問題62【高校物理】,34,396,更新済み,2026-07-19T21:21:55,更新済み,2026-07-20T17:16:02
musfdv10Vrw,『リードα物理基礎・物理』4章_基本例題15,押し合う2物体の加速度から力を求める｜リードα 第4章 基本例題15【高校物理】,34,397,更新済み,2026-07-19T21:21:57,更新済み,2026-07-20T17:16:10
QpcctjEy2VY,『リードα物理基礎・物理』4章_応用問題89,小物体と板がそれぞれ動くすべり距離を求める｜リードα 第4章 応用問題89【高校物理】,34,398,更新済み,2026-07-19T21:21:59,更新済み,2026-07-20T17:16:16
fQrqfVHkIqk,『リードα物理基礎・物理』5章_基本問題101,正方形を切り抜いた板の重心位置を求める｜リードα 第5章 基本問題101【高校物理】,34,399,更新済み,2026-07-19T21:22:00,更新済み,2026-07-20T17:16:21
mj_zpBiiHJ8,『リードα物理基礎・物理』5章_基本問題103,直方体が傾かずすべる力と高さの条件を求める｜リードα 第5章 基本問題103【高校物理】,34,400,更新済み,2026-07-19T21:22:02,更新済み,2026-07-20T17:16:26
24dscK__Cjc,『リードα物理基礎・物理』6章_基本問題123,床と斜面の経路でばねの最大縮みを求める｜リードα 第6章 基本問題123【高校物理】,34,401,更新済み,2026-07-19T21:22:03,更新済み,2026-07-20T17:16:31
gy8IduPEUZA,『リードα物理基礎・物理』6章_応用問題126,円弧と斜面を往復する小物体の速さを求める｜リードα 第6章 応用問題126【高校物理】,34,402,更新済み,2026-07-19T21:22:05,更新済み,2026-07-20T17:16:36
ZT90wj3VzpY,『リードα物理基礎・物理』7章_基本問題143,弾性衝突と非弾性衝突のエネルギーを比較する｜リードα 第7章 基本問題143【高校物理】,34,403,更新済み,2026-07-19T21:22:07,更新済み,2026-07-20T17:16:41
6Gouj04y7fM,『リードα物理基礎・物理』8章_基本問題163,水平面を回る円錐振り子の張力を求める｜リードα 第8章 基本問題163【高校物理】,34,404,更新済み,2026-07-19T21:22:08,更新済み,2026-07-20T17:16:45
RhvJlcQmUDU,『リードα物理基礎・物理』1章_基本問題16,エレベーターの速度から加速度と高さを求める｜リードα 第1章 基本問題16【高校物理】,35,405,更新済み,2026-07-19T21:22:10,更新済み,2026-07-20T17:16:50
VeGF73RQnuo,『リードα物理基礎・物理』2章_基本例題7,鉛直投げ上げで最高点までの時間と高さを求める｜リードα 第2章 基本例題7【高校物理】,35,406,更新済み,2026-07-19T21:22:11,更新済み,2026-07-20T17:16:55
ROHwBOFV7K0,『リードα物理基礎・物理』4章_応用問題93,液体に沈めたおもりの浮力とはかりの値を求める｜リードα 第4章 応用問題93【高校物理】,35,407,更新済み,2026-07-19T21:22:12,更新済み,2026-07-20T17:18:00
AKpqiesqp9U,『リードα物理基礎・物理』26章_基本問題452,RL直列回路のスイッチ操作後の電流を求める｜リードα 第26章 基本問題452【高校物理】,35,408,更新済み,2026-07-19T21:22:14,更新済み,2026-07-21T17:59:32
vPwnDhanI2I,『リードα物理基礎・物理』1章_基本問題11,表のデータからv-tグラフと加速度を求める｜リードα 第1章 基本問題11【高校物理】,36,409,更新済み,2026-07-19T21:22:15,更新済み,2026-07-21T17:59:37
US5Do4cfIVk,『リードα物理基礎・物理』1章_基本問題13,加速度と移動距離を求めブレーキ後の距離も計算｜リードα 第1章 基本問題13【高校物理】,36,410,更新済み,2026-07-19T21:22:17,更新済み,2026-07-21T17:59:42
68hlFBJO6wo,『リードα物理基礎・物理』2章_基本例題9,斜方投射で最高点の高さと到達距離を求める｜リードα 第2章 基本例題9【高校物理】,36,411,更新済み,2026-07-19T21:22:18,更新済み,2026-07-21T17:59:50
HQ2I7Raq_tg,『リードα物理基礎・物理』2章_基本問題25,鉛直投げ下ろしで地面到達までの時間を求める｜リードα 第2章 基本問題25【高校物理】,36,412,更新済み,2026-07-19T21:22:19,更新済み,2026-07-21T17:59:55
k4U_pRhW7XI,『リードα物理基礎・物理』4章_基本問題68,鉛直に引く力から物体の加速度を求める｜リードα 第4章 基本問題68【高校物理】,36,413,更新済み,2026-07-19T21:22:21,更新済み,2026-07-21T17:59:59
hVatzunhwB0,『リードα物理基礎・物理』4章_基本問題78,物体がすべり出す条件から摩擦係数を求める｜リードα 第4章 基本問題78【高校物理】,36,414,更新済み,2026-07-19T21:22:23,更新済み,2026-07-21T18:00:05
zSdzvnb26T8,『リードα物理基礎・物理』4章_応用問題92,ばねで押し出される2物体が離れる位置を求める｜リードα 第4章 応用問題92【高校物理】,36,415,更新済み,2026-07-19T21:22:24,更新済み,2026-07-21T18:00:12
4i_Pe_0MOGs,『リードα物理基礎・物理』13章_応用問題263,V-T図のサイクルでの仕事と熱効率を求める｜リードα 第13章 応用問題263【高校物理】,36,416,更新済み,2026-07-19T21:22:25,更新済み,2026-07-21T18:00:17
Kq0eTAjsTAk,『リードα物理基礎・物理』27章_基本例題91,コイルの電圧電流グラフからリアクタンスを求める｜リードα 第27章 基本例題91【高校物理】,36,417,更新済み,2026-07-19T21:22:27,更新済み,2026-07-21T18:00:24
UjC9LYKRGUw,『リードα物理基礎・物理』27章_基本問題465,抵抗・コイル・コンデンサーの消費電力を求める｜リードα 第27章 基本問題465【高校物理】,36,418,更新済み,2026-07-19T21:22:29,更新済み,2026-07-21T18:00:29
YvezaN5IKok,『リードα物理基礎・物理』1章_基本問題9,電車から見た雨の相対速度を求める｜リードα 第1章 基本問題9【高校物理】,37,419,更新済み,2026-07-19T21:22:30,更新済み,2026-07-21T18:00:34
pgV_2vlwzHE,『リードα物理基礎・物理』19章_応用問題345,凸レンズと凹面鏡が組み合う系で実像を特定する｜リードα 第19章 応用問題345【高校物理】,37,420,更新済み,2026-07-19T21:22:32,更新済み,2026-07-21T18:00:40
lVv-09McPGc,『リードα物理基礎・物理』2章_基本問題30,AとBが同時着地する条件から高さを求める｜リードα 第2章 基本問題30【高校物理】,38,421,更新済み,2026-07-19T21:22:33,更新済み,2026-07-21T18:00:45
FGwYOdLS384,『リードα物理基礎・物理』2章_応用問題44,斜方投射が斜面に垂直衝突する条件を求める｜リードα 第2章 応用問題44【高校物理】,38,422,更新済み,2026-07-19T21:22:35,更新済み,2026-07-21T18:00:49
UfIHG-b0578,『リードα物理基礎・物理』4章_応用問題88,重ねた2物体がすべり出す力の条件を求める｜リードα 第4章 応用問題88【高校物理】,38,423,更新済み,2026-07-19T21:22:36,更新済み,2026-07-21T18:00:54
AY0mUoyTwm0,『リードα物理基礎・物理』5章_基本例題19,壁と糸で支えた棒におもりをつるし張力を求める｜リードα 第5章 基本例題19【高校物理】,38,424,更新済み,2026-07-19T21:22:37,更新済み,2026-07-21T18:00:59
_mz29CbUTQY,『リードα物理基礎・物理』5章_基本問題97,斜めに立てかけた棒の垂直抗力と摩擦力を求める｜リードα 第5章 基本問題97【高校物理】,38,425,更新済み,2026-07-19T21:22:39,更新済み,2026-07-21T18:01:06
0orcFAECZGQ,『リードα物理基礎・物理』8章_基本問題165,水平に引かれた振り子の糸の張力を求める｜リードα 第8章 基本問題165【高校物理】,38,426,更新済み,2026-07-19T21:22:41,更新済み,2026-07-21T18:01:13
SP9NabB_V70,『リードα物理基礎・物理』21章_応用問題371,点電荷を囲む導体球殻内外の電場の強さを求める｜リードα 第21章 応用問題371【高校物理】,38,427,更新済み,2026-07-19T21:22:42,更新済み,2026-07-21T18:01:19
ZpAGqNFXnHA,『リードα物理基礎・物理』26章_基本問題453,相互インダクタンスで生じる起電力を描く｜リードα 第26章 基本問題453【高校物理】,38,428,更新済み,2026-07-19T21:22:44,更新済み,2026-07-21T18:01:25
QSKrqMR5gY0,『リードα物理基礎・物理』1章_応用問題20,列車の長さを考えた等加速度運動を文字式で表す｜リードα 第1章 応用問題20【高校物理】,39,429,更新済み,2026-07-19T21:22:45,更新済み,2026-07-21T18:01:30
9iw1kxdNdSI,『リードα物理基礎・物理』2章_応用問題40,水平投射した小球が45°斜面に落ちる点を求める｜リードα 第2章 応用問題40【高校物理】,39,430,更新済み,2026-07-19T21:22:46,更新済み,2026-07-21T18:01:36
sRuR6G-NN3g,『リードα物理基礎・物理』6章_基本問題122,あらい面で動摩擦力がした仕事を求める｜リードα 第6章 基本問題122【高校物理】,39,431,更新済み,2026-07-19T21:22:48,更新済み,2026-07-21T18:01:40
4uhfDeXskPA,『リードα物理基礎・物理』21章_応用問題370,平行板間の三角形頂点の電場・電位・仕事を求める｜リードα 第21章 応用問題370【高校物理】,39,432,更新済み,2026-07-19T21:22:49,更新済み,2026-07-21T18:01:46
cxhUw1rZpt8,『リードα物理基礎・物理』23章_基本問題397,並列接続回路の分流電流と合成抵抗を求める｜リードα 第23章 基本問題397【高校物理】,39,433,更新済み,2026-07-19T21:22:52,更新済み,2026-07-21T18:01:51
6IXMDioOJSQ,『リードα物理基礎・物理』27章_基本問題464,周波数を2倍にしたときの電流変化を求める｜リードα 第27章 基本問題464【高校物理】,39,434,更新済み,2026-07-19T21:22:53,更新済み,2026-07-21T18:01:56
OHzTyyNSZS8,『リードα物理基礎・物理』1章_基本問題1,移動時間と距離から平均の速さを求める｜リードα 第1章 基本問題1【高校物理】,40,435,更新済み,2026-07-19T21:22:54,更新済み,2026-07-21T18:02:00
DQ6k8c3G5_4,『リードα物理基礎・物理』1章_基本問題2,x-tグラフから速さと移動距離を読み取る｜リードα 第1章 基本問題2【高校物理】,40,436,更新済み,2026-07-19T21:22:56,更新済み,2026-07-21T18:02:04
rMKID5Z7OdA,『リードα物理基礎・物理』3章_基本例題11,天井2点から吊るしたおもりの張力を求める｜リードα 第3章 基本例題11【高校物理】,40,437,更新済み,2026-07-19T21:22:57,更新済み,2026-07-21T18:02:10
eVHSyY0hefI,『リードα物理基礎・物理』7章_基礎CHECK,第7章 基礎CHECK 総まとめ｜リードα【高校物理】,40,438,更新済み,2026-07-19T21:22:58,更新済み,2026-07-21T18:02:14
7Pu2ALa2mx8,『リードα物理基礎・物理』8章_基本例題35,円錐振り子が等速円運動する周期を求める｜リードα 第8章 基本例題35【高校物理】,40,439,更新済み,2026-07-19T21:23:00,更新済み,2026-07-21T18:02:20
AAwnxhu0a98,『リードα物理基礎・物理』8章_応用問題174,加速する電車内の円錐振り子の周期を求める｜リードα 第8章 応用問題174【高校物理】,40,440,更新済み,2026-07-19T21:23:01,更新済み,2026-07-21T18:02:24
ZdubVyTPNfY,『リードα物理基礎・物理』23章_基本問題395,自由電子の移動方向と流れる電気量を求める｜リードα 第23章 基本問題395【高校物理】,40,441,更新済み,2026-07-19T21:23:02,更新済み,2026-07-21T18:02:29
OAvYaXxcekI,『リードα物理基礎・物理』23章_基本問題398,直並列混合抵抗回路を流れる電流を求める｜リードα 第23章 基本問題398【高校物理】,40,442,更新済み,2026-07-19T21:23:04,更新済み,2026-07-21T18:02:34
N3mBvTl9Jxk,『リードα物理基礎・物理』27章_基本例題92,並列回路の空所補充で共振周波数を求める｜リードα 第27章 基本例題92【高校物理】,40,443,更新済み,2026-07-19T21:23:06,更新済み,2026-07-21T18:02:39
p5OmBgXDSCc,『リードα物理基礎・物理』27章_基本問題463,変圧器の一次二次の電圧と電流を求める｜リードα 第27章 基本問題463【高校物理】,40,444,更新済み,2026-07-19T21:23:07,更新済み,2026-07-21T18:02:44
Ac9iKKEyGL4,『リードα物理基礎・物理』1章_基本例題2,船の速度を合成して渡る時間と向きを求める｜リードα 第1章 基本例題2【高校物理】,41,445,更新済み,2026-07-19T21:23:08,更新済み,2026-07-21T18:02:49
ORSjSkJpn0E,『リードα物理基礎・物理』1章_基本問題5,流れに直角に進む船の速度を合成する｜リードα 第1章 基本問題5【高校物理】,41,446,更新済み,2026-07-19T21:23:10,更新済み,2026-07-21T18:02:53
C3E48C59Kjc,『リードα物理基礎・物理』3章_基本問題55,定滑車で3物体をつるす糸の張力を求める｜リードα 第3章 基本問題55【高校物理】,41,447,更新済み,2026-07-19T21:23:11,更新済み,2026-07-21T18:02:59
2aV_2eBb1a8,『リードα物理基礎・物理』21章_基本問題357,電荷の異なる2球を接触させ静電気力の変化を求める｜リードα 第21章 基本問題357【高校物理】,41,448,更新済み,2026-07-19T21:23:12,更新済み,2026-07-21T18:03:03
t_bEQnkcqLA,『リードα物理基礎・物理』25章_応用問題442,斜め入射した電子のらせん運動の周期を求める｜リードα 第25章 応用問題442【高校物理】,41,449,更新済み,2026-07-19T21:23:14,更新済み,2026-07-21T18:03:08
B8_KEqklNp8,『リードα物理基礎・物理』3章_基本問題59,同じばねの伸びを作用反作用の観点で比較する｜リードα 第3章 基本問題59【高校物理】,42,450,更新済み,2026-07-19T21:23:15,更新済み,2026-07-21T18:03:13
cpNt7GISEFA,『リードα物理基礎・物理』20章_基本問題347,回折格子の干渉縞から波長とスペクトルを考察する｜リードα 第20章 基本問題347【高校物理】,42,451,更新済み,2026-07-19T21:23:17,更新済み,2026-07-21T18:03:17
FWdPM94Nszw,『リードα物理基礎・物理』22章_応用問題388,電気力線の本数から電場とコンデンサーの容量を求める｜リードα 第22章 応用問題388【高校物理】,42,452,更新済み,2026-07-19T21:23:18,更新済み,2026-07-21T18:03:22
qbFyx0HJhhk,『リードα物理基礎・物理』22章_応用問題389,ブリッジ状回路のコンデンサーの電気量と合成容量を求める｜リードα 第22章 応用問題389【高校物理】,42,453,更新済み,2026-07-19T21:23:20,更新済み,2026-07-21T18:03:28
PObl-VdpJQ4,『リードα物理基礎・物理』24章_基本例題78,分流器と倍率器で測定範囲を広げる抵抗値を求める｜リードα 第24章 基本例題78【高校物理】,42,454,更新済み,2026-07-19T21:23:22,更新済み,2026-07-21T18:03:33
pWFFIfwNEcA,『リードα物理基礎・物理』1章_応用問題18,川を斜めに渡る船の速度をベクトルで分解する｜リードα 第1章 応用問題18【高校物理】,43,455,更新済み,2026-07-19T21:23:23,更新済み,2026-07-21T18:03:37
r-L_bs2AQGU,『リードα物理基礎・物理』7章_基本問題141,一直線上で衝突する2質点の質量を求める｜リードα 第7章 基本問題141【高校物理】,43,456,更新済み,2026-07-19T21:23:25,更新済み,2026-07-21T18:03:42
fCoxY4-YlKs,『リードα物理基礎・物理』8章_基本問題156,円錐内面をすべる物体の速さと周期を表す｜リードα 第8章 基本問題156【高校物理】,43,457,更新済み,2026-07-19T21:23:26,更新済み,2026-07-21T18:03:46
RTAh7xaQurY,『リードα物理基礎・物理』2章_基本例題6,自由落下で半分の高さを落ちる時間を求める｜リードα 第2章 基本例題6【高校物理】,44,458,更新済み,2026-07-19T21:23:27,更新済み,2026-07-21T18:03:51
d9rzxQR6Hgc,『リードα物理基礎・物理』8章_基本例題34,電車内でおもりが傾く角度から加速度を求める｜リードα 第8章 基本例題34【高校物理】,44,459,更新済み,2026-07-19T21:23:28,更新済み,2026-07-21T18:03:57
n56ZVFbhdQI,『リードα物理基礎・物理』9章_応用問題195,摩擦面でのばね振り子の減衰振動を求める｜リードα 第9章 応用問題195【高校物理】,44,460,更新済み,2026-07-19T21:23:30,更新済み,2026-07-21T18:04:02
Fb7w9m9v_OA,『リードα物理基礎・物理』21章_応用問題369,一様電場中で傾いた帯電小球の電気量を求める｜リードα 第21章 応用問題369【高校物理】,44,461,更新済み,2026-07-19T21:23:32,更新済み,2026-07-21T18:04:07
Uhh5InY0jVM,『リードα物理基礎・物理』26章_基本問題451,電流グラフからコイルの誘導起電力を描く｜リードα 第26章 基本問題451【高校物理】,44,462,更新済み,2026-07-19T21:23:33,更新済み,2026-07-21T18:04:12
po64iE0GKYI,『リードα物理基礎・物理』7章_基本問題138,板の上を歩く人と重心の位置関係を求める｜リードα 第7章 基本問題138【高校物理】,45,463,更新済み,2026-07-19T21:23:35,更新済み,2026-07-21T18:04:17
UzoUV-MKQiQ,『リードα物理基礎・物理』21章_基本問題355,摩擦帯電での電子移動の向きと力を判定する｜リードα 第21章 基本問題355【高校物理】,45,464,更新済み,2026-07-19T21:23:37,更新済み,2026-07-21T18:04:22
d_8Dqxt_Hec,『リードα物理基礎・物理』21章_基本問題356,帯電した金属球を接触させ移動する電子を求める｜リードα 第21章 基本問題356【高校物理】,45,465,更新済み,2026-07-19T21:23:38,更新済み,2026-07-21T18:04:27
fFFJJfDUr00,『リードα物理基礎・物理』27章_基本例題93,電気振動回路の振動電流と電磁波の波長を求める｜リードα 第27章 基本例題93【高校物理】,45,466,更新済み,2026-07-19T21:23:40,更新済み,2026-07-21T18:04:32
dsxA39JkBc4,『リードα物理基礎・物理』5章_基本問題94,棒の両端をばねでつり合わせる質量を求める｜リードα 第5章 基本問題94【高校物理】,46,467,更新済み,2026-07-19T21:23:42,更新済み,2026-07-21T18:04:37
yVXtIeijLqg,『リードα物理基礎・物理』5章_基本問題95,棒に3通りの向きの力を加え張力を求める｜リードα 第5章 基本問題95【高校物理】,46,468,更新済み,2026-07-19T21:23:43,更新済み,2026-07-21T18:04:42
z-j-qlvA5oE,『リードα物理基礎・物理』8章_基本問題167,最高点を通る最小速さを糸と棒で比較する｜リードα 第8章 基本問題167【高校物理】,46,469,更新済み,2026-07-19T21:23:45,更新済み,2026-07-21T18:04:46
Q3_u6uHDpbw,『リードα物理基礎・物理』4章_基本問題75,2物体を引き上げ糸が切れない力の範囲を求める｜リードα 第4章 基本問題75【高校物理】,47,470,更新済み,2026-07-19T21:23:47,更新済み,2026-07-21T18:04:52
HEZNAyupxO8,『リードα物理基礎・物理』5章_基本例題21,組み合わせた板や穴あき板の重心を求める｜リードα 第5章 基本例題21【高校物理】,47,471,更新済み,2026-07-19T21:23:48,更新済み,2026-07-21T18:04:57
QGGUTxtTYmo,『リードα物理基礎・物理』5章_基本例題22,直方体が傾き始める力の大きさを求める｜リードα 第5章 基本例題22【高校物理】,47,472,更新済み,2026-07-19T21:23:49,更新済み,2026-07-21T18:05:02
Nn7UPSz4uf4,『リードα物理基礎・物理』21章_応用問題372,導体球と帯電球体の内外の電場の強さを求める｜リードα 第21章 応用問題372【高校物理】,47,473,更新済み,2026-07-19T21:23:51,更新済み,2026-07-21T18:05:07
l6EpDWsj0X8,『リードα物理基礎・物理』5章_基本問題99,棒の両端に異なる質量がある系の重心を求める｜リードα 第5章 基本問題99【高校物理】,48,474,更新済み,2026-07-19T21:23:52,更新済み,2026-07-21T18:05:11
OgbFuwrrVbg,『リードα物理基礎・物理』8章_基本問題161,斜面上で静止する小物体の加速度を求める｜リードα 第8章 基本問題161【高校物理】,48,475,更新済み,2026-07-19T21:23:54,更新済み,2026-07-21T18:05:17
74QRIn87RVo,『リードα物理基礎・物理』27章_基本問題469,LC回路の電圧グラフから電気容量と最大電流を求める｜リードα 第27章 基本問題469【高校物理】,48,476,更新済み,2026-07-19T21:23:55,更新済み,2026-07-21T18:05:21
mtPOjSqrm8I,『リードα物理基礎・物理』5章_基本問題100,L字形に曲げた針金の重心座標を求める｜リードα 第5章 基本問題100【高校物理】,49,477,更新済み,2026-07-19T21:23:57,更新済み,2026-07-21T18:05:26
BjDaRtcYg5Q,『リードα物理基礎・物理』7章_基本問題135,板上の物体が板と等速になる時間を求める｜リードα 第7章 基本問題135【高校物理】,49,478,更新済み,2026-07-19T21:23:58,更新済み,2026-07-21T18:05:32
GlTbZywhQSA,『リードα物理基礎・物理』24章_基本例題79,キルヒホッフの法則で回路の電流を式で表す｜リードα 第24章 基本例題79【高校物理】,49,479,更新済み,2026-07-19T21:24:00,更新済み,2026-07-21T18:05:37
hPQDXfFjnTk,『リードα物理基礎・物理』25章_基本問題432,磁場と角度をなす導体棒が受ける力を求める｜リードα 第25章 基本問題432【高校物理】,49,480,更新済み,2026-07-19T21:24:02,更新済み,2026-07-21T18:05:41
sBBx6TI-bf8,『リードα物理基礎・物理』26章_基本問題450,動く磁石が生じる渦電流の向きを判断する｜リードα 第26章 基本問題450【高校物理】,49,481,更新済み,2026-07-19T21:24:03,更新済み,2026-07-21T18:05:46
1XHasqDbffQ,『リードα物理基礎・物理』4章_基本問題85,水に浮く物体の密度と沈める力を求める｜リードα 第4章 基本問題85【高校物理】,50,482,更新済み,2026-07-19T21:24:05,更新済み,2026-07-21T18:05:51
epn0VIfb_EA,『リードα物理基礎・物理』21章_基本例題69,2点電荷による電場を合成し強さと向きを求める｜リードα 第21章 基本例題69【高校物理】,50,483,更新済み,2026-07-19T21:24:06,更新済み,2026-07-21T18:05:55
LKM6dUzZ_h8,『リードα物理基礎・物理』24章_基本例題82,非直線抵抗のグラフの交点から消費電力を求める｜リードα 第24章 基本例題82【高校物理】,50,484,更新済み,2026-07-19T21:24:08,更新済み,2026-07-21T18:06:00
ZFE8UM45K0g,『リードα物理基礎・物理』8章_基本例題36,半円筒面を通過する小球の速さを求める｜リードα 第8章 基本例題36【高校物理】,51,485,更新済み,2026-07-19T21:24:09,更新済み,2026-07-21T18:06:05
_7bsRfE46mE,『リードα物理基礎・物理』8章_基本問題157,ターンテーブルで物体が飛び出す角速度を求める｜リードα 第8章 基本問題157【高校物理】,51,486,更新済み,2026-07-19T21:24:11,更新済み,2026-07-21T18:06:10
j7HIxBYy7uM,『リードα物理基礎・物理』22章_基礎CHECK,第22章 基礎CHECK 総まとめ｜リードα【高校物理】,51,487,更新済み,2026-07-19T21:24:12,更新済み,2026-07-21T18:06:15
T27ciONxoRE,『リードα物理基礎・物理』25章_基本問題431,ソレノイドで地磁気を打ち消す電流の大きさを求める｜リードα 第25章 基本問題431【高校物理】,51,488,更新済み,2026-07-19T21:24:14,更新済み,2026-07-21T18:06:20
hBBKhrC0vjc,『リードα物理基礎・物理』8章_基本問題153,5つの場面で向心力の正体を答える｜リードα 第8章 基本問題153【高校物理】,52,489,更新済み,2026-07-19T21:24:15,更新済み,2026-07-21T18:06:25
hO7SfLniGKE,『リードα物理基礎・物理』21章_基本問題359,静電誘導と誘電分極の帯電状態の違いを判別する｜リードα 第21章 基本問題359【高校物理】,52,490,更新済み,2026-07-19T21:24:16,更新済み,2026-07-21T18:06:30
19CcNWWV5pE,『リードα物理基礎・物理』1章_基本例題1,x-tグラフの接線で瞬間の速さを求める｜リードα 第1章 基本例題1【高校物理】,53,491,更新済み,2026-07-19T21:24:17,更新済み,2026-07-21T18:06:34
PX7YXX_anc0,『リードα物理基礎・物理』21章_基本問題358,帯電小球のつりあいから電気量を求める｜リードα 第21章 基本問題358【高校物理】,53,492,更新済み,2026-07-19T21:24:18,更新済み,2026-07-21T18:06:38
40ZHw1lIvDQ,『リードα物理基礎・物理』26章_基本問題444,コイルの磁束変化から誘導起電力を求める｜リードα 第26章 基本問題444【高校物理】,53,493,更新済み,2026-07-19T21:24:20,更新済み,2026-07-21T18:06:44
sRSS4rklVqc,『リードα物理基礎・物理』25章_基本問題433,モーターのコイルが受ける力と回転方向を求める｜リードα 第25章 基本問題433【高校物理】,54,494,更新済み,2026-07-19T21:24:21,更新済み,2026-07-21T18:06:49
HLY66ihq_BE,『リードα物理基礎・物理』27章_基本問題467,RC直列回路の静電容量を実測電流から求める｜リードα 第27章 基本問題467【高校物理】,54,495,更新済み,2026-07-19T21:24:23,更新済み,2026-07-21T18:06:56
7iBOY5pQUVE,『リードα物理基礎・物理』21章_基本問題360,箔検電器に帯電棒を近づけ指で触れる実験を説明する｜リードα 第21章 基本問題360【高校物理】,55,496,更新済み,2026-07-19T21:24:24,更新済み,2026-07-21T18:07:02
tyVsLJOzbFA,『リードα物理基礎・物理』21章_応用問題373,2点電荷の電場中で小球の最速位置と条件を求める｜リードα 第21章 応用問題373【高校物理】,55,497,更新済み,2026-07-19T21:24:26,更新済み,2026-07-21T18:07:06
GbOlrVHd4dE,『リードα物理基礎・物理』25章_基本問題430,円形電流と直線電流が接するときの合成磁場を求める｜リードα 第25章 基本問題430【高校物理】,55,498,更新済み,2026-07-19T21:24:27,更新済み,2026-07-21T18:07:11
6lJJBWBn410,『リードα物理基礎・物理』3章_基本問題60,ばね2本の並列・直列接続の伸びを求める｜リードα 第3章 基本問題60【高校物理】,56,499,更新済み,2026-07-19T21:24:29,更新済み,2026-07-21T18:07:16
a9y_4mYUopc,『リードα物理基礎・物理』4章_基本問題76,氷上で押し合う子どもと大人の加速度を求める｜リードα 第4章 基本問題76【高校物理】,56,500,更新済み,2026-07-19T21:24:30,更新済み,2026-07-21T18:07:21
Ef2gjIVTkdc,『リードα物理基礎・物理』7章_基本問題132,F-tグラフから力積と平均の力を求める｜リードα 第7章 基本問題132【高校物理】,56,501,更新済み,2026-07-19T21:24:31,更新済み,2026-07-21T18:07:25
h6PJspAR-eI,『リードα物理基礎・物理』21章_基本例題68,糸に吊るした帯電小球のつりあいから電気量を求める｜リードα 第21章 基本例題68【高校物理】,56,502,更新済み,2026-07-19T21:24:33,更新済み,2026-07-21T18:07:30
FuW3T-3u_Fo,『リードα物理基礎・物理』21章_基礎CHECK,第21章 基礎CHECK 総まとめ｜リードα【高校物理】,56,503,更新済み,2026-07-19T21:24:34,更新済み,2026-07-21T18:07:35
bN9t8eYCEMY,『リードα物理基礎・物理』27章_応用問題471,RLC直列回路の実効値電流と共振周波数を求める｜リードα 第27章 応用問題471【高校物理】,56,504,更新済み,2026-07-19T21:24:36,更新済み,2026-07-21T18:07:40
_aX3tky7BSQ,『リードα物理基礎・物理』26章_応用問題457,LR回路のスイッチ開閉時の電流を求める｜リードα 第26章 応用問題457【高校物理】,57,505,更新済み,2026-07-19T21:24:37,更新済み,2026-07-21T18:07:46
0mLiaMJIiOw,『リードα物理基礎・物理』27章_基本問題462,ダイオード回路の整流前後の電位変化を求める｜リードα 第27章 基本問題462【高校物理】,57,506,更新済み,2026-07-19T21:24:39,更新済み,2026-07-21T18:07:52
ybjMtIWyMUo,『リードα物理基礎・物理』5章_応用問題106,斜面上の直方体が傾く条件をtanθで求める｜リードα 第5章 応用問題106【高校物理】,58,507,更新済み,2026-07-19T21:24:41,更新済み,2026-07-21T18:07:57
Zhx1DhWvR6U,『リードα物理基礎・物理』24章_基本問題422,ダイオードのグラフから電流と消費電力を求める｜リードα 第24章 基本問題422【高校物理】,58,508,更新済み,2026-07-19T21:24:42,更新済み,2026-07-21T18:08:01
bfpnL6Qb30Q,『リードα物理基礎・物理』25章_基本例題83,磁針の振れ角と地磁気から直線電流の大きさを求める｜リードα 第25章 基本例題83【高校物理】,58,509,更新済み,2026-07-19T21:24:44,更新済み,2026-07-21T18:08:06
0LKR91dZMDg,『リードα物理基礎・物理』26章_基本問題445,直線電流の変化で誘導電流の向きを判断する｜リードα 第26章 基本問題445【高校物理】,58,510,更新済み,2026-07-19T21:24:46,更新済み,2026-07-23T05:49:10
LkbdgZTnl6Y,『リードα物理基礎・物理』21章_基本例題71,等電位線図から電荷を運ぶ仕事を求める｜リードα 第21章 基本例題71【高校物理】,59,511,更新済み,2026-07-19T21:24:47,更新済み,2026-07-23T05:49:26
1XnJA2uenLs,『リードα物理基礎・物理』26章_基本例題88,磁場中を動く導体棒の電位差を求める｜リードα 第26章 基本例題88【高校物理】,59,512,更新済み,2026-07-19T21:24:49,更新済み,2026-07-23T05:49:30
GMkDPRbmZYo,『リードα物理基礎・物理』25章_基本例題84,2本の平行導線がつくる磁場を合成して求める｜リードα 第25章 基本例題84【高校物理】,60,513,更新済み,2026-07-19T21:24:51,更新済み,2026-07-23T05:49:35
AtyC96PhfoY,『リードα物理基礎・物理』25章_基本例題86,磁場内を進む陽子が飛び出すまでの時間を求める｜リードα 第25章 基本例題86【高校物理】,60,514,更新済み,2026-07-19T21:24:52,更新済み,2026-07-23T05:49:40
sYwvL28mQJo,『リードα物理基礎・物理』3章_基礎チェック,第3章 基礎CHECK 総まとめ｜リードα【高校物理】,61,515,更新済み,2026-07-19T21:24:54,更新済み,2026-07-23T05:49:45
ipAemor68qs,『リードα物理基礎・物理』22章_応用問題394,誘電体を挿入したコンデンサーの電位分布グラフを求める｜リードα 第22章 応用問題394【高校物理】,61,516,更新済み,2026-07-19T21:24:56,更新済み,2026-07-23T05:49:50
iVK23Y2e1Kk,『リードα物理基礎・物理』4章_基礎チェック,第4章 基礎CHECK 総まとめ｜リードα【高校物理】,63,517,更新済み,2026-07-19T21:24:57,更新済み,2026-07-23T05:49:55
zKRO1OPKj5E,『リードα物理基礎・物理』5章_基本問題98,剛体にはたらく複数の力の合力を作図で求める｜リードα 第5章 基本問題98【高校物理】,63,518,更新済み,2026-07-19T21:24:58,更新済み,2026-07-23T05:50:00
V4jvyWP7lcg,『リードα物理基礎・物理』26章_基本問題449,斜面を落下するおもりの終端速度を求める｜リードα 第26章 基本問題449【高校物理】,63,519,更新済み,2026-07-19T21:25:00,更新済み,2026-07-23T05:50:05
RNje1-1ETeI,『リードα物理基礎・物理』24章_応用問題424,スイッチ開閉前後の消費電力と電流を比較する｜リードα 第24章 応用問題424【高校物理】,64,520,更新済み,2026-07-19T21:25:01,更新済み,2026-07-23T05:50:10
B_e5ZXbSFu8,『リードα物理基礎・物理』25章_基本問題429,2本の平行導線がつくる中点の磁場の強さを求める｜リードα 第25章 基本問題429【高校物理】,64,521,更新済み,2026-07-19T21:25:03,更新済み,2026-07-23T05:50:15
NHRGMNv3lSY,『リードα物理基礎・物理』26章_基本問題446,磁場中を動く金属棒の誘導起電力を求める｜リードα 第26章 基本問題446【高校物理】,64,522,更新済み,2026-07-19T21:25:04,更新済み,2026-07-23T05:50:19
4m5QjHHLp-s,『リードα物理基礎・物理』22章_基本問題375,極板面積と間隔からコンデンサーの電気容量を求める｜リードα 第22章 基本問題375【高校物理】,65,523,更新済み,2026-07-19T21:25:06,更新済み,2026-07-23T05:50:25
QrvRqnfIs8g,『リードα物理基礎・物理』24章_基本例題80,内部抵抗のある電源で消費電力の最大値を求める｜リードα 第24章 基本例題80【高校物理】,65,524,更新済み,2026-07-19T21:25:07,更新済み,2026-07-23T05:50:30
pczJerI-AK4,『リードα物理基礎・物理』25章_基本例題85,平行導線に働く力の大きさと向きを求める｜リードα 第25章 基本例題85【高校物理】,67,525,更新済み,2026-07-19T21:25:09,更新済み,2026-07-23T05:50:34
GPiDBjmi-n0,『リードα物理基礎・物理』26章_基本問題448,磁石レール上の金属棒の終端速度を求める｜リードα 第26章 基本問題448【高校物理】,67,526,更新済み,2026-07-19T21:25:10,更新済み,2026-07-23T05:50:39
GWChqPit4po,『リードα物理基礎・物理』27章_基本例題90,交流電圧での電流と消費電力を実効値で表す｜リードα 第27章 基本例題90【高校物理】,67,527,更新済み,2026-07-19T21:25:12,更新済み,2026-07-23T05:50:44
PSkYLeAmHCU,『リードα物理基礎・物理』7章_基本例題31,平面上で衝突する小球の速度と角度を求める｜リードα 第7章 基本例題31【高校物理】,68,528,更新済み,2026-07-19T21:25:13,更新済み,2026-07-23T05:50:50
rqX6aDURAOA,『リードα物理基礎・物理』7章_基本問題142,小球がはねかえる反発係数の条件を求める｜リードα 第7章 基本問題142【高校物理】,70,529,更新済み,2026-07-19T21:25:15,更新済み,2026-07-23T05:50:55
cMUw7zpWD2c,『リードα物理基礎・物理』7章_応用問題146,弾性衝突後にばねでつながる物体の縮みを求める｜リードα 第7章 応用問題146【高校物理】,71,530,更新済み,2026-07-19T21:25:17,更新済み,2026-07-23T05:51:00
isb_M8LlAvM,『リードα物理基礎・物理』21章_基本例題70,一様な電場内で陽イオンが受ける力を求める｜リードα 第21章 基本例題70【高校物理】,71,531,更新済み,2026-07-19T21:25:18,更新済み,2026-07-23T05:51:05
XHNdXLh7CCU,『リードα物理基礎・物理』21章_基本問題364,平行板間の三角形の各頂点の電場と電位を求める｜リードα 第21章 基本問題364【高校物理】,71,532,更新済み,2026-07-19T21:25:20,更新済み,2026-07-23T05:51:11
Qlcz-vOftLA,『リードα物理基礎・物理』21章_基本問題365,等電位線図から電気力線を作図し電場を比較する｜リードα 第21章 基本問題365【高校物理】,71,533,更新済み,2026-07-19T21:25:22,更新済み,2026-07-23T05:51:16
DbPgS0QcC8g,『リードα物理基礎・物理』1章_応用問題19,グラフの空所補充で2物体の相対運動を解く｜リードα 第1章 応用問題19【高校物理】,72,534,更新済み,2026-07-19T21:25:23,更新済み,2026-07-23T05:51:20
M4-B4p3ORBI,『リードα物理基礎・物理』24章_基本問題421,n型・p型半導体の構造とキャリアを確認する｜リードα 第24章 基本問題421【高校物理】,72,535,更新済み,2026-07-19T21:25:24,更新済み,2026-07-23T05:51:25
jSTjY2gCbYU,『リードα物理基礎・物理』1章_応用問題21,追突を避ける2台の車の等加速度運動を解く｜リードα 第1章 応用問題21【高校物理】,73,536,更新済み,2026-07-19T21:25:26,更新済み,2026-07-23T05:51:30
gjrx5FJVIy8,『リードα物理基礎・物理』25章_基本問題437,加速されたイオンが磁場内で描く半径の比を求める｜リードα 第25章 基本問題437【高校物理】,73,537,更新済み,2026-07-19T21:25:27,更新済み,2026-07-23T05:51:35
ZA_c5p-RDXU,『リードα物理基礎・物理』21章_基本問題368,2点電荷がつくる電場中で電荷を運ぶ仕事を求める｜リードα 第21章 基本問題368【高校物理】,76,538,更新済み,2026-07-19T21:25:29,更新済み,2026-07-23T05:51:42
oOHZDlPY6dQ,『リードα物理基礎・物理』24章_基本例題81,ホイートストンブリッジの未知抵抗と電位差を求める｜リードα 第24章 基本例題81【高校物理】,77,539,更新済み,2026-07-19T21:25:30,更新済み,2026-07-23T05:51:46
Ns2IYhDsvJk,『リードα物理基礎・物理』24章_基本問題416,ホイートストンブリッジの未知抵抗と電流の向きを求める｜リードα 第24章 基本問題416【高校物理】,77,540,更新済み,2026-07-19T21:25:32,更新済み,2026-07-23T05:51:51
ZENjoKNp3jk,『リードα物理基礎・物理』26章_基本例題87,磁束密度グラフから誘導起電力の変化を求める｜リードα 第26章 基本例題87【高校物理】,77,541,更新済み,2026-07-19T21:25:33,更新済み,2026-07-23T05:51:56
sg8cDmRDkgA,『リードα物理基礎・物理』7章_基本例題32,一直線上の衝突で失うエネルギーを求める｜リードα 第7章 基本例題32【高校物理】,78,542,更新済み,2026-07-19T21:25:35,更新済み,2026-07-23T05:52:01
STi22PT7-wE,『リードα物理基礎・物理』22章_基本問題383,誘電体を半分挿入したときの電気量を比較する｜リードα 第22章 基本問題383【高校物理】,79,543,更新済み,2026-07-19T21:25:37,更新済み,2026-07-23T05:52:07
mGzYKcLpzEw,『リードα物理基礎・物理』22章_基本問題386,スイッチ開閉と間隔変更で電場と静電エネルギーの倍率を求める｜リードα 第22章 基本問題386【高校物理】,80,544,更新済み,2026-07-19T21:25:39,更新済み,2026-07-23T05:52:12
IrRO1G6zj_M,『リードα物理基礎・物理』24章_基本問題408,自由電子の運動モデルからオームの法則を導く｜リードα 第24章 基本問題408【高校物理】,80,545,更新済み,2026-07-19T21:25:40,更新済み,2026-07-23T05:52:19
9cHRPWsE9VQ,『リードα物理基礎・物理』25章_基本問題428,磁針の真上に電流を流したときの振れる向きを判断する｜リードα 第25章 基本問題428【高校物理】,80,546,更新済み,2026-07-19T21:25:42,更新済み,2026-07-23T05:52:24
_ICml091EnI,『リードα物理基礎・物理』21章_基本問題366,空所補充で等電位線図から電荷を運ぶ仕事を求める｜リードα 第21章 基本問題366【高校物理】,82,547,更新済み,2026-07-19T21:25:43,更新済み,2026-07-23T05:52:29
AzRgsMaAMhM,『リードα物理基礎・物理』25章_基本問題436,磁場内を円運動する電子の半径と周期を求める｜リードα 第25章 基本問題436【高校物理】,82,548,更新済み,2026-07-19T21:25:44,更新済み,2026-07-23T05:52:34
tjbUknYNeqc,『リードα物理基礎・物理』8章_基本問題168,円筒面を離れる小球の速さと力を求める｜リードα 第8章 基本問題168【高校物理】,83,549,更新済み,2026-07-19T21:25:46,更新済み,2026-07-23T05:52:40
CbafZrXadec,『リードα物理基礎・物理』22章_基本例題74,スイッチ切替で2つのコンデンサー間の電荷再分配を求める｜リードα 第22章 基本例題74【高校物理】,85,550,更新済み,2026-07-19T21:25:48,更新済み,2026-07-23T05:52:45
Rkon7h49hSs,『リードα物理基礎・物理』22章_基本問題387,極板間隔を広げるときの静電エネルギー変化と引力を求める｜リードα 第22章 基本問題387【高校物理】,86,551,更新済み,2026-07-19T21:25:49,更新済み,2026-07-23T05:52:50
m9JMDCtA__4,『リードα物理基礎・物理』25章_基本問題435,直交する2本の電流がつくる磁場と力を求める｜リードα 第25章 基本問題435【高校物理】,86,552,更新済み,2026-07-19T21:25:51,更新済み,2026-07-23T05:52:55
VhnipQiJQHA,『リードα物理基礎・物理』21章_基本問題361,正負2点電荷がつくる電場が0になる位置を求める｜リードα 第21章 基本問題361【高校物理】,87,553,更新済み,2026-07-19T21:25:52,更新済み,2026-07-23T05:53:00
FGf4qdHlv5s,『リードα物理基礎・物理』25章_基本問題434,傾斜レール上のパイプが静止する磁束密度を求める｜リードα 第25章 基本問題434【高校物理】,87,554,更新済み,2026-07-19T21:25:54,更新済み,2026-07-23T05:53:05
6sbh1hWu9BY,『リードα物理基礎・物理』26章_基本問題447,磁場を出入りするコイルの誘導電流と仕事率を求める｜リードα 第26章 基本問題447【高校物理】,87,555,更新済み,2026-07-19T21:25:55,更新済み,2026-07-23T05:53:10
BgYn_pZFk-k,『リードα物理基礎・物理』27章_基本問題461,回転するコイルの空所補充で誘導起電力を求める｜リードα 第27章 基本問題461【高校物理】,88,556,更新済み,2026-07-19T21:25:57,更新済み,2026-07-23T05:53:15
ejoC2WoFNFY,『リードα物理基礎・物理』24章_基本問題409,電流計と電圧計どちらが誤差が小さいか判断する｜リードα 第24章 基本問題409【高校物理】,89,557,更新済み,2026-07-19T21:25:58,更新済み,2026-07-23T05:53:21
4xgYFOnFCB8,『リードα物理基礎・物理』22章_基本例題72,極板間隔変更と誘電体挿入で電位差と電場の変化を求める｜リードα 第22章 基本例題72【高校物理】,90,558,更新済み,2026-07-19T21:25:59,更新済み,2026-07-23T05:53:26
eLabDX9BEAY,『リードα物理基礎・物理』22章_基本例題73,金属板挿入時の電場の強さと電気容量を求める｜リードα 第22章 基本例題73【高校物理】,90,559,更新済み,2026-07-19T21:26:01,更新済み,2026-07-23T05:53:31
EWK4G7jFWkU,『リードα物理基礎・物理』22章_基本問題379,直列接続コンデンサーの合成容量と電気量を求める｜リードα 第22章 基本問題379【高校物理】,90,560,更新済み,2026-07-19T21:26:02,更新済み,2026-07-23T05:53:35
6Y938iywSoI,『リードα物理基礎・物理』22章_基本問題376,直列3つのコンデンサーの電圧配分から容量を求める｜リードα 第22章 基本問題376【高校物理】,91,561,更新済み,2026-07-19T21:26:04,更新済み,2026-07-23T05:53:40
eYqQCssfs50,『リードα物理基礎・物理』7章_基本問題144,斜めに床へ衝突する小球の反発係数を求める｜リードα 第7章 基本問題144【高校物理】,93,562,更新済み,2026-07-19T21:26:05,更新済み,2026-07-23T05:53:45
7TR9rrZYk5Q,『リードα物理基礎・物理』21章_応用問題374,2点電荷の合成電場と電位0になる円を求める｜リードα 第21章 応用問題374【高校物理】,93,563,更新済み,2026-07-19T21:26:07,更新済み,2026-07-23T05:53:50
zu-X2SC9mb8,『リードα物理基礎・物理』22章_基本問題381,並列と直列接続時のコンデンサーの耐電圧を求める｜リードα 第22章 基本問題381【高校物理】,93,564,更新済み,2026-07-19T21:26:08,更新済み,2026-07-23T05:53:54
hnL9UJXcKfQ,『リードα物理基礎・物理』22章_基本例題75,コンデンサーをつないだときの静電エネルギー減少量を求める｜リードα 第22章 基本例題75【高校物理】,94,565,更新済み,2026-07-19T21:26:10,更新済み,2026-07-23T05:53:59
bLqoWXPgqXM,『リードα物理基礎・物理』26章_基本例題89,レール上の金属棒の終端速度を求める｜リードα 第26章 基本例題89【高校物理】,94,566,更新済み,2026-07-19T21:26:11,更新済み,2026-07-23T05:54:04
IEEySxq5Cd0,『リードα物理基礎・物理』8章_基本問題160,電車内外の視点でおもりにはたらく力を図示する｜リードα 第8章 基本問題160【高校物理】,96,567,更新済み,2026-07-19T21:26:13,更新済み,2026-07-23T05:54:09
QrnsleLiyEw,『リードα物理基礎・物理』21章_基本問題363,ガウスの法則で平面電荷がつくる電場と電位を導く｜リードα 第21章 基本問題363【高校物理】,96,568,更新済み,2026-07-19T21:26:14,更新済み,2026-07-23T05:54:13
aYhgY2PYFfA,『リードα物理基礎・物理』21章_基本問題367,2点電荷による電場の向きと電位・仕事を求める｜リードα 第21章 基本問題367【高校物理】,96,569,更新済み,2026-07-19T21:26:16,更新済み,2026-07-23T05:54:19
ulilSYeZZR4,『リードα物理基礎・物理』7章_応用問題150,くり返し衝突する小球のはね上がる高さを求める｜リードα 第7章 応用問題150【高校物理】,100,570,更新済み,2026-07-19T21:26:17,更新済み,2026-07-23T05:54:24
mcr_6G6yAxQ,『リードα物理基礎・物理』22章_基本問題380,直並列混合回路の合成容量と電気量を求める｜リードα 第22章 基本問題380【高校物理】,101,571,更新済み,2026-07-19T21:26:19,更新済み,2026-07-23T05:54:29
uy1C1X8cjlI,『リードα物理基礎・物理』22章_基本問題382,金属板挿入時の静電エネルギーと電位分布の変化を求める｜リードα 第22章 基本問題382【高校物理】,103,572,更新済み,2026-07-19T21:26:21,更新済み,2026-07-23T05:54:37
FfGZ-jnmXJM,『リードα物理基礎・物理』22章_基本問題384,充電したコンデンサーを別につないだときの電圧を求める｜リードα 第22章 基本問題384【高校物理】,104,573,更新済み,2026-07-19T21:26:22,更新済み,2026-07-23T05:54:41
ujAZQeucr9Y,『リードα物理基礎・物理』1章_基礎CHECK,第1章 基礎CHECK 総まとめ｜リードα【高校物理】,105,574,更新済み,2026-07-19T21:26:23,更新済み,2026-07-23T05:54:46
pObq8gX6s2Y,『リードα物理基礎・物理』24章_基本問題419,電球を含む回路で非直線抵抗の電流を求める｜リードα 第24章 基本問題419【高校物理】,105,575,更新済み,2026-07-19T21:26:25,更新済み,2026-07-23T05:54:51
zHni11BlU2E,『リードα物理基礎・物理』24章_基本問題420,スイッチ開閉時のコンデンサー回路の過渡電流を求める｜リードα 第24章 基本問題420【高校物理】,108,576,更新済み,2026-07-19T21:26:26,更新済み,2026-07-23T05:54:56
mh9BdVql4fw,『リードα物理基礎・物理』24章_基本問題410,分流器と倍率器で測定範囲を広げる抵抗を求める｜リードα 第24章 基本問題410【高校物理】,110,577,更新済み,2026-07-20T07:37:10,更新済み,2026-07-23T05:55:01
rrMdh6O6uG8,『リードα物理基礎・物理』22章_基本問題385,2つの電池を使った回路でコンデンサーの電気量を求める｜リードα 第22章 基本問題385【高校物理】,111,578,更新済み,2026-07-23T05:47:07,更新済み,2026-07-23T05:55:06
BOTR228YwZU,『リードα物理基礎・物理』2章_基礎CHECK,第2章 基礎CHECK 総まとめ｜リードα【高校物理】,113,579,更新済み,2026-07-23T05:47:16,更新済み,2026-07-23T05:55:11
4htslx6scJQ,『リードα物理基礎・物理』22章_基本問題377,極板間隔を3倍に広げたときの電流の向きを求める｜リードα 第22章 基本問題377【高校物理】,113,580,更新済み,2026-07-23T05:47:18,更新済み,2026-07-23T05:55:16
CEAkFWOTaxc,『リードα物理基礎・物理』24章_基本問題415,消費電力が最大となる可変抵抗値を求める｜リードα 第24章 基本問題415【高校物理】,114,581,更新済み,2026-07-23T05:47:20,更新済み,2026-07-23T05:55:21
2q1S-oFebZg,『リードα物理基礎・物理』22章_基本問題378,絶縁体挿入前後の電気量と電位差の変化を求める｜リードα 第22章 基本問題378【高校物理】,118,582,更新済み,2026-07-23T05:47:23,更新済み,2026-07-23T05:55:25
wBdslwHQ9L0,『リードα物理基礎・物理』24章_基本問題413,抵抗とコンデンサーを含む回路の電位と電気量を求める｜リードα 第24章 基本問題413【高校物理】,120,583,更新済み,2026-07-23T05:47:24,更新済み,2026-07-23T05:55:30
7EMhcu0U2eA,『リードα物理基礎・物理』7章_基本問題133,バットで打ち返す力積と平均の力を求める｜リードα 第7章 基本問題133【高校物理】,122,584,更新済み,2026-07-23T05:47:26,更新済み,2026-07-23T05:55:35
ef01MuyX8_0,『リードα物理基礎・物理』7章_応用問題148,斜面で弾性衝突する小球の速さと角度を求める｜リードα 第7章 応用問題148【高校物理】,124,585,更新済み,2026-07-23T05:47:27,更新済み,2026-07-23T05:55:39
_Ls_kskBvpA,『リードα物理基礎・物理』24章_基本問題412,電池2個を直列・並列につないだ電流を求める｜リードα 第24章 基本問題412【高校物理】,126,586,更新済み,2026-07-23T05:47:29,更新済み,2026-07-23T05:55:44
EoKhDZ7g3DE,『リードα物理基礎・物理』24章_基本問題418,電位差計で乾電池の起電力を求める｜リードα 第24章 基本問題418【高校物理】,134,587,更新済み,2026-07-23T05:47:31,更新済み,2026-07-23T05:55:52
0jm0zRwUM9o,『リードα物理基礎・物理』24章_基本問題414,電流-電圧グラフから起電力と内部抵抗を求める｜リードα 第24章 基本問題414【高校物理】,137,588,更新済み,2026-07-23T05:48:45,更新済み,2026-07-23T05:55:57
fkAalMTy85M,『リードα物理基礎・物理』24章_基本問題417,メートルブリッジで未知抵抗の値を求める｜リードα 第24章 基本問題417【高校物理】,141,589,更新済み,2026-07-23T05:48:46,更新済み,2026-07-23T05:56:02
d1Yq8bEHAro,『リードα物理基礎・物理』24章_基本問題411,スイッチ開閉時の電流と消費電力をキルヒホッフで求める｜リードα 第24章 基本問題411【高校物理】,147,590,更新済み,2026-07-23T05:48:47,更新済み,2026-07-23T05:56:07
DoXb1xL7Cn0,『リードα物理基礎・物理』2章_基本問題22,自由落下で着地するまでの高さを求める｜リードα 第2章 基本問題22【高校物理】,236,591,更新済み,2026-07-23T05:48:48,更新済み,2026-07-23T05:56:11
